word;POS;POStype;lemma;id;ref1;ref2;F
com;CON;subord;come1;alexo;s7813;6 ;1
com;CON;subord;come1;alia;s10018;7 ;1
com;CON;subord;come1;alia;s10032;1 ;1
com;CON;subord;come1;alia;s10324;7 ;1
com;CON;subord;come1;alia;s10332;5 ;1
com;CON;subord;come1;alia;s10864;8 ;1
com;CON;subord;come1;amad;s11702;7 ;1
com;CON;subord;come1;amad;s11711;37 ;1
com;CON;subord;come1;amad;s11757;22 ;1
com;CON;subord;come1;amad;s11768;22 ;1
com;CON;subord;come1;amad;s11832;17 ;1
com;CON;subord;come1;amad;s12069;5 ;1
com;CON;subord;come1;amad;s12073;17 ;1
com;CON;subord;come1;amad;s12097;9 ;1
com;CON;subord;come1;amad;s12099;21 ;1
com;CON;subord;come1;amad;s12164;10 ;1
com;CON;subord;come1;amad;s12219;14 ;1
com;CON;subord;come1;amad;s12219;4 ;1
com;CON;subord;come1;amad;s12223;4 ;1
com;CON;subord;come1;amad;s12252;18 ;1
com;CON;subord;come1;amad;s12282;18 ;1
com;CON;subord;come1;amad;s12301;12 ;1
com;CON;subord;come1;amad;s12301;7 ;1
com;CON;subord;come1;amad;s12316;16 ;1
com;CON;subord;come1;amad;s12341;17 ;1
com;CON;subord;come1;amad;s12368;10 ;1
com;CON;subord;come1;amo;s13889;4 ;1
com;CON;subord;come1;amo;s14069;1 ;1
com;CON;subord;come1;amo;s14287;2 ;1
com;CON;subord;come1;amou;s15778;5 ;1
com;CON;subord;come1;amou;s16034;3 ;1
com;CON;subord;come1;amou;s16106;1 ;1
com;CON;subord;come1;amou;s16240;4 ;1
com;CON;subord;come1;amou;s16305;2 ;1
com;CON;subord;come1;amou;s17997;3 ;1
com;CON;subord;come1;amou;s18027;2 ;1
com;CON;subord;come1;amou;s18030;2 ;1
com;CON;subord;come1;anth;s18266;3 ;1
com;CON;subord;come1;anth;s18691;4 ;1
com;CON;subord;come1;anth;s18811;6 ;1
com;CON;subord;come1;anth;s18994;6 ;1
com;CON;subord;come1;arr;s23778;4 ;1
com;CON;subord;come1;athi;s24200;1 ;1
com;CON;subord;come1;athi;s25305;2 ;1
com;CON;subord;come1;athi;s27131;4 ;1
com;CON;subord;come1;athi;s27132;1 ;1
com;CON;subord;come1;atre;s27611;3 ;1
com;CON;subord;come1;atre;s27639;2 ;1
com;CON;subord;come1;bar;s31333;2 ;1
com;CON;subord;come1;barril;s33301;1 ;1
com;CON;subord;come1;benoit;s38762;2 ;1
com;CON;subord;come1;benoit;s39397;2 ;1
com;CON;subord;come1;benoit;s39595;1 ;1
com;CON;subord;come1;benoit;s39634;1 ;1
com;CON;subord;come1;benoit;s39828;1 ;1
com;CON;subord;come1;benoit;s39894;2 ;1
com;CON;subord;come1;benoit;s40928;2 ;1
com;CON;subord;come1;besant;s44304;1 ;1
com;CON;subord;come1;best;s44371;3 ;1
com;CON;subord;come1;best;s44410;1 ;1
com;CON;subord;come1;best;s44421;1 ;1
com;CON;subord;come1;best;s44425;1 ;1
com;CON;subord;come1;best;s45018;1 ;1
com;CON;subord;come1;best;s45297;3 ;1
com;CON;subord;come1;best;s45374;4 ;1
com;CON;subord;come1;best;s45557;1 ;1
com;CON;subord;come1;best;s45706;4 ;1
com;CON;subord;come1;best;s45985;2 ;1
com;CON;subord;come1;best;s46556;1 ;1
com;CON;subord;come1;best;s46631;1 ;1
com;CON;subord;come1;best;s46879;3 ;1
com;CON;subord;come1;best;s46888;4 ;1
com;CON;subord;come1;best;s47332;6 ;1
com;CON;subord;come1;best;s47924;2 ;1
com;CON;subord;come1;best;s47929;2 ;1
com;CON;subord;come1;calex;s51899;3 ;1
com;CON;subord;come1;cambrai;s53181;6 ;1
com;CON;subord;come1;cambrai;s53975;7 ;1
com;CON;subord;come1;carp;s55639;3 ;1
com;CON;subord;come1;carp;s56537;1 ;1
com;CON;subord;come1;carp;s57482;5 ;1
com;CON;subord;come1;carp;s57776;2 ;1
com;CON;subord;come1;chastoi;s59003;1 ;1
com;CON;subord;come1;chastoi;s59698;5 ;1
com;CON;subord;come1;chastoi;s60274;1 ;1
com;CON;subord;come1;chastoi;s60317;1 ;1
com;CON;subord;come1;chastoi;s60420;4 ;1
com;CON;subord;come1;chastoi;s60835;1 ;1
com;CON;subord;come1;chastoi;s61234;2 ;1
com;CON;subord;come1;chauvency;s62102;3 ;1
com;CON;subord;come1;chauvency;s62124;3 ;1
com;CON;subord;come1;chauvency;s62682;5 ;1
com;CON;subord;come1;chauvency;s62766;2 ;1
com;CON;subord;come1;chauvency;s62931;2 ;1
com;CON;subord;come1;chauvency;s63043;6 ;1
com;CON;subord;come1;chauvency;s63298;2 ;1
com;CON;subord;come1;chauvency;s63612;5 ;1
com;CON;subord;come1;chauvency;s63805;2 ;1
com;CON;subord;come1;chauvency;s64040;1 ;1
com;CON;subord;come1;chauvency;s64429;1 ;1
com;CON;subord;come1;chret1;s64905;44 ;1
com;CON;subord;come1;chret1;s64948;11 ;1
com;CON;subord;come1;chret1;s65105;6 ;1
com;CON;subord;come1;chret1;s65163;9 ;1
com;CON;subord;come1;chret1;s65167;21 ;1
com;CON;subord;come1;chret1;s65561;8 ;1
com;CON;subord;come1;chret1;s65704;25 ;1
com;CON;subord;come1;chret1;s65723;10 ;1
com;CON;subord;come1;chret2;s66056;2 ;1
com;CON;subord;come1;chret2;s68132;2 ;1
com;CON;subord;come1;chret2;s68589;1 ;1
com;CON;subord;come1;cleom;s75664;2 ;1
com;CON;subord;come1;cleom;s76178;5 ;1
com;CON;subord;come1;cleom;s76722;2 ;1
com;CON;subord;come1;cleom;s77287;2 ;1
com;CON;subord;come1;cleom;s77424;2 ;1
com;CON;subord;come1;cleom;s77426;2 ;1
com;CON;subord;come1;contro;s86008;2 ;1
com;CON;subord;come1;contro;s86027;2 ;1
com;CON;subord;come1;contro;s87145;4 ;1
com;CON;subord;come1;contro;s87676;4 ;1
com;CON;subord;come1;contro;s88021;2 ;1
com;CON;subord;come1;contro;s88188;2 ;1
com;CON;subord;come1;contro;s88364;2 ;1
com;CON;subord;come1;deusamS;s94281;5 ;1
com;CON;subord;come1;dole;s94682;4 ;1
com;CON;subord;come1;dole;s95106;3 ;1
com;CON;subord;come1;dole;s95160;5 ;1
com;CON;subord;come1;elie;s104201;4 ;1
com;CON;subord;come1;elie;s104553;7 ;1
com;CON;subord;come1;elie;s104775;2 ;1
com;CON;subord;come1;elie;s104782;7 ;1
com;CON;subord;come1;elie;s105081;2 ;1
com;CON;subord;come1;elie;s105138;1 ;1
com;CON;subord;come1;elie;s105153;2 ;1
com;CON;subord;come1;elie;s105221;3 ;1
com;CON;subord;come1;elie;s105333;6 ;1
com;CON;subord;come1;elie;s105567;6 ;1
com;CON;subord;come1;elie;s105630;6 ;1
com;CON;subord;come1;elie;s106615;6 ;1
com;CON;subord;come1;elie;s106675;2 ;1
com;CON;subord;come1;elie;s106798;8 ;1
com;CON;subord;come1;elie;s106799;6 ;1
com;CON;subord;come1;eneas;s107483;2 ;1
com;CON;subord;come1;eneas;s107486;3 ;1
com;CON;subord;come1;eneas;s107549;1 ;1
com;CON;subord;come1;eneas;s107748;1 ;1
com;CON;subord;come1;enf;s107846;2 ;1
com;CON;subord;come1;enf;s107862;1 ;1
com;CON;subord;come1;enf;s108072;2 ;1
com;CON;subord;come1;enf;s108352;2 ;1
com;CON;subord;come1;enf;s108755;2 ;1
com;CON;subord;come1;enf;s109445;1 ;1
com;CON;subord;come1;evrat1;s114433;4 ;1
com;CON;subord;come1;evrat1;s114485;4 ;1
com;CON;subord;come1;evrat1;s114569;3 ;1
com;CON;subord;come1;evrat1;s115601;2 ;1
com;CON;subord;come1;evrat1;s117062;5 ;1
com;CON;subord;come1;evratC2;s118877;1 ;1
com;CON;subord;come1;evratC2;s119204;2 ;1
com;CON;subord;come1;evratC2;s119785;4 ;1
com;CON;subord;come1;evratC2;s120086;2 ;1
com;CON;subord;come1;fab4c;s120277;3 ;1
com;CON;subord;come1;fab4c;s120283;4 ;1
com;CON;subord;come1;fab4c;s120370;5 ;1
com;CON;subord;come1;fab4c;s120631;3 ;1
com;CON;subord;come1;fab4c;s120750;2 ;1
com;CON;subord;come1;fab4e;s121450;3 ;1
com;CON;subord;come1;fabb;s126043;4 ;1
com;CON;subord;come1;fabb;s126125;5 ;1
com;CON;subord;come1;fabd;s127304;4 ;1
com;CON;subord;come1;fabd;s127388;6 ;1
com;CON;subord;come1;fabd;s127647;2 ;1
com;CON;subord;come1;fabd;s127712;2 ;1
com;CON;subord;come1;fablesC;s136005;2 ;1
com;CON;subord;come1;fablesC;s136094;1 ;1
com;CON;subord;come1;fablesC;s138717;1 ;1
com;CON;subord;come1;fablesC;s138723;1 ;1
com;CON;subord;come1;fablesC;s138930;1 ;1
com;CON;subord;come1;fablesC;s139056;2 ;1
com;CON;subord;come1;fablesL;s145048;1 ;1
com;CON;subord;come1;fablesL;s145250;4 ;1
com;CON;subord;come1;fablesL;s145321;6 ;1
com;CON;subord;come1;fablesT;s147898;2 ;1
com;CON;subord;come1;fablesT;s148367;2 ;1
com;CON;subord;come1;fablesT;s148370;5 ;1
com;CON;subord;come1;fablesT;s148477;1 ;1
com;CON;subord;come1;fablesT;s148606;6 ;1
com;CON;subord;come1;fablesT;s148659;4 ;1
com;CON;subord;come1;fablesT;s149022;2 ;1
com;CON;subord;come1;fablesT;s150310;2 ;1
com;CON;subord;come1;fablesT;s150319;1 ;1
com;CON;subord;come1;fablesT;s150396;2 ;1
com;CON;subord;come1;fierens;s155882;4 ;1
com;CON;subord;come1;gepa;s160725;11 ;1
com;CON;subord;come1;gepa;s160938;6 ;1
com;CON;subord;come1;graal;s165458;1 ;1
com;CON;subord;come1;graal;s165630;2 ;1
com;CON;subord;come1;greg2;s165966;2 ;1
com;CON;subord;come1;greg2;s166037;2 ;1
com;CON;subord;come1;greg2;s166051;1 ;1
com;CON;subord;come1;greg2;s166380;1 ;1
com;CON;subord;come1;greg2;s166437;1 ;1
com;CON;subord;come1;greg2;s166444;4 ;1
com;CON;subord;come1;greg2;s166533;2 ;1
com;CON;subord;come1;greg2;s166583;3 ;1
com;CON;subord;come1;greg2;s166806;4 ;1
com;CON;subord;come1;greg2;s166811;4 ;1
com;CON;subord;come1;greg2;s166842;3 ;1
com;CON;subord;come1;greg2;s167193;2 ;1
com;CON;subord;come1;greg2;s167208;1 ;1
com;CON;subord;come1;greg2;s167220;1 ;1
com;CON;subord;come1;greg2;s167403;1 ;1
com;CON;subord;come1;greg2;s167547;2 ;1
com;CON;subord;come1;greg2;s167568;2 ;1
com;CON;subord;come1;greg2;s167591;1 ;1
com;CON;subord;come1;greg2;s167604;4 ;1
com;CON;subord;come1;greg2;s167608;2 ;1
com;CON;subord;come1;greg2;s167611;2 ;1
com;CON;subord;come1;greg2;s168020;4 ;1
com;CON;subord;come1;greg2;s168111;2 ;1
com;CON;subord;come1;greg2;s168185;1 ;1
com;CON;subord;come1;greg2;s168352;4 ;1
com;CON;subord;come1;greg2;s168629;4 ;1
com;CON;subord;come1;greg2;s168902;2 ;1
com;CON;subord;come1;guib;s169709;4 ;1
com;CON;subord;come1;guigP;s171042;2 ;1
com;CON;subord;come1;guigP;s171370;1 ;1
com;CON;subord;come1;herm;s175561;2 ;1
com;CON;subord;come1;herm;s175579;1 ;1
com;CON;subord;come1;herm;s175715;1 ;1
com;CON;subord;come1;herm;s176290;6 ;1
com;CON;subord;come1;herm;s176393;5 ;1
com;CON;subord;come1;herm;s176418;1 ;1
com;CON;subord;come1;herm;s176947;4 ;1
com;CON;subord;come1;hista;s177437;8 ;1
com;CON;subord;come1;hista;s177696;4 ;1
com;CON;subord;come1;hista;s178283;6 ;1
com;CON;subord;come1;hista;s179030;1 ;1
com;CON;subord;come1;hista;s179493;6 ;1
com;CON;subord;come1;hista;s179530;5 ;1
com;CON;subord;come1;hista;s180068;1 ;1
com;CON;subord;come1;hista;s180963;6 ;1
com;CON;subord;come1;hista;s181362;3 ;1
com;CON;subord;come1;hista;s181397;2 ;1
com;CON;subord;come1;hyla;s183759;3 ;1
com;CON;subord;come1;hyla;s184275;2 ;1
com;CON;subord;come1;ipo;s184748;1 ;1
com;CON;subord;come1;ipo;s185257;2 ;1
com;CON;subord;come1;jean;s196907;8 ;1
com;CON;subord;come1;juda;s201041;2 ;1
com;CON;subord;come1;juda;s201550;2 ;1
com;CON;subord;come1;juda;s201565;4 ;1
com;CON;subord;come1;lac;s202444;66 ;1
com;CON;subord;come1;lac;s202592;55 ;1
com;CON;subord;come1;lac;s202635;29 ;1
com;CON;subord;come1;lac;s202639;14 ;1
com;CON;subord;come1;lanc;s202787;39 ;1
com;CON;subord;come1;lanc;s202816;15 ;1
com;CON;subord;come1;lanc;s202870;20 ;1
com;CON;subord;come1;lanc;s202881;14 ;1
com;CON;subord;come1;lanc;s202937;37 ;1
com;CON;subord;come1;lanc;s202945;68 ;1
com;CON;subord;come1;lanc;s202949;37 ;1
com;CON;subord;come1;lancpr;s203299;17 ;1
com;CON;subord;come1;lin;s207162;1 ;1
com;CON;subord;come1;lin;s207252;4 ;1
com;CON;subord;come1;lin;s207608;5 ;1
com;CON;subord;come1;lin;s207691;1 ;1
com;CON;subord;come1;lin;s207790;3 ;1
com;CON;subord;come1;lin;s207975;1 ;1
com;CON;subord;come1;lin;s207982;2 ;1
com;CON;subord;come1;lin;s208301;3 ;1
com;CON;subord;come1;lin;s208302;3 ;1
com;CON;subord;come1;lin;s208367;3 ;1
com;CON;subord;come1;lin;s208750;6 ;1
com;CON;subord;come1;lin;s208791;5 ;1
com;CON;subord;come1;lin;s208905;5 ;1
com;CON;subord;come1;lin;s208910;2 ;1
com;CON;subord;come1;lin;s209010;3 ;1
com;CON;subord;come1;lin;s210351;2 ;1
com;CON;subord;come1;loth;s211823;1 ;1
com;CON;subord;come1;loys;s212660;47 ;1
com;CON;subord;come1;loys;s212734;30 ;1
com;CON;subord;come1;loys;s212735;34 ;1
com;CON;subord;come1;loys;s212755;2 ;1
com;CON;subord;come1;loys;s212769;88 ;1
com;CON;subord;come1;loys;s212774;31 ;1
com;CON;subord;come1;loys;s212805;18 ;1
com;CON;subord;come1;loys;s212927;36 ;1
com;CON;subord;come1;loys;s212977;28 ;1
com;CON;subord;come1;loys;s213120;41 ;1
com;CON;subord;come1;loys;s213218;2 ;1
com;CON;subord;come1;loys;s213219;3 ;1
com;CON;subord;come1;loys;s213220;3 ;1
com;CON;subord;come1;loys;s213260;43 ;1
com;CON;subord;come1;loys;s213279;42 ;1
com;CON;subord;come1;loys;s213289;2 ;1
com;CON;subord;come1;loys;s213300;74 ;1
com;CON;subord;come1;loys;s213331;14 ;1
com;CON;subord;come1;loys;s213401;32 ;1
com;CON;subord;come1;loys;s213408;31 ;1
com;CON;subord;come1;loys;s213434;29 ;1
com;CON;subord;come1;loys;s213453;14 ;1
com;CON;subord;come1;loys;s213453;52 ;1
com;CON;subord;come1;loys;s213502;14 ;1
com;CON;subord;come1;loys;s213507;40 ;1
com;CON;subord;come1;loys;s213512;32 ;1
com;CON;subord;come1;loys;s213536;10 ;1
com;CON;subord;come1;loys;s213539;3 ;1
com;CON;subord;come1;loys;s213564;124 ;1
com;CON;subord;come1;loys;s213615;25 ;1
com;CON;subord;come1;loys;s213672;61 ;1
com;CON;subord;come1;loys;s213672;82 ;1
com;CON;subord;come1;loys;s213675;2 ;1
com;CON;subord;come1;loys;s213699;28 ;1
com;CON;subord;come1;loys;s213699;37 ;1
com;CON;subord;come1;loys;s213705;16 ;1
com;CON;subord;come1;loys;s213707;3 ;1
com;CON;subord;come1;loys;s213711;22 ;1
com;CON;subord;come1;loys;s213730;13 ;1
com;CON;subord;come1;loys;s213761;49 ;1
com;CON;subord;come1;loys;s213806;15 ;1
com;CON;subord;come1;loys;s213806;54 ;1
com;CON;subord;come1;loys;s213809;2 ;1
com;CON;subord;come1;loys;s213824;6 ;1
com;CON;subord;come1;loys;s213848;26 ;1
com;CON;subord;come1;loys;s213854;7 ;1
com;CON;subord;come1;loys;s213855;43 ;1
com;CON;subord;come1;loys;s213931;27 ;1
com;CON;subord;come1;loys;s213971;19 ;1
com;CON;subord;come1;loys;s213972;43 ;1
com;CON;subord;come1;loys;s214033;42 ;1
com;CON;subord;come1;loys;s214033;52 ;1
com;CON;subord;come1;loys;s214037;55 ;1
com;CON;subord;come1;loys;s214039;18 ;1
com;CON;subord;come1;loys;s214099;25 ;1
com;CON;subord;come1;loys;s214102;2 ;1
com;CON;subord;come1;loys;s214105;7 ;1
com;CON;subord;come1;loys;s214119;29 ;1
com;CON;subord;come1;loys;s214153;13 ;1
com;CON;subord;come1;loys;s214153;2 ;1
com;CON;subord;come1;loys;s214167;2 ;1
com;CON;subord;come1;loys;s214186;62 ;1
com;CON;subord;come1;loys;s214186;85 ;1
com;CON;subord;come1;loys;s214189;7 ;1
com;CON;subord;come1;loys;s214201;3 ;1
com;CON;subord;come1;loys;s214203;18 ;1
com;CON;subord;come1;loys;s214206;2 ;1
com;CON;subord;come1;mace;s215643;2 ;1
com;CON;subord;come1;mace;s215742;5 ;1
com;CON;subord;come1;mace;s215784;3 ;1
com;CON;subord;come1;mace;s215874;2 ;1
com;CON;subord;come1;mace;s215877;2 ;1
com;CON;subord;come1;mace;s215904;1 ;1
com;CON;subord;come1;mace;s215905;2 ;1
com;CON;subord;come1;mace;s215931;3 ;1
com;CON;subord;come1;mace;s215952;2 ;1
com;CON;subord;come1;mace;s216344;2 ;1
com;CON;subord;come1;mace;s216438;4 ;1
com;CON;subord;come1;mace;s216649;3 ;1
com;CON;subord;come1;mace;s216995;3 ;1
com;CON;subord;come1;mace;s217083;1 ;1
com;CON;subord;come1;mace;s217404;6 ;1
com;CON;subord;come1;mace;s217758;1 ;1
com;CON;subord;come1;mace;s218407;2 ;1
com;CON;subord;come1;malk;s220055;4 ;1
com;CON;subord;come1;martin1;s223426;5 ;1
com;CON;subord;come1;martin1;s223469;3 ;1
com;CON;subord;come1;martin1;s223702;4 ;1
com;CON;subord;come1;martin1;s224037;1 ;1
com;CON;subord;come1;martin1;s224106;6 ;1
com;CON;subord;come1;martin1;s224379;1 ;1
com;CON;subord;come1;martin2;s224765;1 ;1
com;CON;subord;come1;martin2;s225046;1 ;1
com;CON;subord;come1;martin2;s226739;5 ;1
com;CON;subord;come1;martin3;s226927;3 ;1
com;CON;subord;come1;martin3;s226971;2 ;1
com;CON;subord;come1;martin3;s227092;5 ;1
com;CON;subord;come1;martin3;s227111;1 ;1
com;CON;subord;come1;martin3;s227130;1 ;1
com;CON;subord;come1;martin3;s227238;3 ;1
com;CON;subord;come1;martin3;s227320;1 ;1
com;CON;subord;come1;martin3;s227433;2 ;1
com;CON;subord;come1;martin3;s227459;2 ;1
com;CON;subord;come1;martin3;s227633;4 ;1
com;CON;subord;come1;martin3;s227667;3 ;1
com;CON;subord;come1;martin3;s227718;4 ;1
com;CON;subord;come1;martin3;s227767;4 ;1
com;CON;subord;come1;martin3;s227921;3 ;1
com;CON;subord;come1;martin3;s228077;4 ;1
com;CON;subord;come1;martin3;s228579;2 ;1
com;CON;subord;come1;martin3;s228956;4 ;1
com;CON;subord;come1;meun;s232440;4 ;1
com;CON;subord;come1;meun;s232466;2 ;1
com;CON;subord;come1;mir;s239038;1 ;1
com;CON;subord;come1;mir;s239654;2 ;1
com;CON;subord;come1;mir;s239760;2 ;1
com;CON;subord;come1;mir;s239841;3 ;1
com;CON;subord;come1;mir;s239881;3 ;1
com;CON;subord;come1;mir;s239882;2 ;1
com;CON;subord;come1;mous;s248221;2 ;1
com;CON;subord;come1;mous;s248678;2 ;1
com;CON;subord;come1;mous;s249167;5 ;1
com;CON;subord;come1;mous;s249699;4 ;1
com;CON;subord;come1;mous;s250045;4 ;1
com;CON;subord;come1;narcB;s254020;5 ;1
com;CON;subord;come1;narcB;s254060;2 ;1
com;CON;subord;come1;narcB;s254075;3 ;1
com;CON;subord;come1;narcB;s254076;1 ;1
com;CON;subord;come1;narcB;s254302;4 ;1
com;CON;subord;come1;narcB;s254310;3 ;1
com;CON;subord;come1;narcB;s254436;4 ;1
com;CON;subord;come1;narcB;s254548;4 ;1
com;CON;subord;come1;narcB;s254816;2 ;1
com;CON;subord;come1;narcC;s254901;2 ;1
com;CON;subord;come1;narcC;s254938;5 ;1
com;CON;subord;come1;narcC;s254976;1 ;1
com;CON;subord;come1;narcC;s254993;4 ;1
com;CON;subord;come1;narcC;s254994;2 ;1
com;CON;subord;come1;narcC;s255211;2 ;1
com;CON;subord;come1;narcC;s255258;3 ;1
com;CON;subord;come1;narcC;s255328;2 ;1
com;CON;subord;come1;narcC;s255731;6 ;1
com;CON;subord;come1;narcC;s255826;2 ;1
com;CON;subord;come1;narcD;s256252;2 ;1
com;CON;subord;come1;narcE;s256279;4 ;1
com;CON;subord;come1;ndchar;s256605;1 ;1
com;CON;subord;come1;ndchar;s256726;4 ;1
com;CON;subord;come1;ndchar;s256993;2 ;1
com;CON;subord;come1;ndchar;s257362;2 ;1
com;CON;subord;come1;ndchar;s257605;2 ;1
com;CON;subord;come1;ndchar;s257628;1 ;1
com;CON;subord;come1;ndchar;s257859;2 ;1
com;CON;subord;come1;ndchar;s257982;1 ;1
com;CON;subord;come1;ndchar;s258321;2 ;1
com;CON;subord;come1;ndchar;s258491;2 ;1
com;CON;subord;come1;ndchar;s258689;2 ;1
com;CON;subord;come1;ndchar;s258814;2 ;1
com;CON;subord;come1;ndchar;s258875;1 ;1
com;CON;subord;come1;ndchar;s259867;2 ;1
com;CON;subord;come1;ndchar;s259953;4 ;1
com;CON;subord;come1;ndchar;s260285;2 ;1
com;CON;subord;come1;ndchar;s260333;3 ;1
com;CON;subord;come1;ndchar;s261218;1 ;1
com;CON;subord;come1;ndchar;s261279;2 ;1
com;CON;subord;come1;ndchar;s262184;4 ;1
com;CON;subord;come1;ndchar;s262352;1 ;1
com;CON;subord;come1;ndchar;s262554;1 ;1
com;CON;subord;come1;ndchar;s262863;2 ;1
com;CON;subord;come1;neele;s262980;1 ;1
com;CON;subord;come1;nima1;s267978;4 ;1
com;CON;subord;come1;nima1;s268271;1 ;1
com;CON;subord;come1;nima3;s270517;4 ;1
com;CON;subord;come1;nima3;s270971;2 ;1
com;CON;subord;come1;nimafrag;s272837;2 ;1
com;CON;subord;come1;nimb1;s273029;7 ;1
com;CON;subord;come1;nimb1;s273273;1 ;1
com;CON;subord;come1;nimb1;s273622;4 ;1
com;CON;subord;come1;nimb1;s273883;2 ;1
com;CON;subord;come1;nimb1;s273987;4 ;1
com;CON;subord;come1;nimb1;s274157;2 ;1
com;CON;subord;come1;nimb2;s274574;7 ;1
com;CON;subord;come1;nimb2;s274821;1 ;1
com;CON;subord;come1;nimb2;s274919;5 ;1
com;CON;subord;come1;nimb2;s274920;1 ;1
com;CON;subord;come1;nimb2;s275172;4 ;1
com;CON;subord;come1;nimb2;s275433;2 ;1
com;CON;subord;come1;nimb2;s275537;4 ;1
com;CON;subord;come1;nimb2;s275707;2 ;1
com;CON;subord;come1;nimb2;s275827;1 ;1
com;CON;subord;come1;nimc;s276491;1 ;1
com;CON;subord;come1;nimc;s276624;6 ;1
com;CON;subord;come1;nimc;s277089;1 ;1
com;CON;subord;come1;nimc;s277353;1 ;1
com;CON;subord;come1;nimd;s277597;2 ;1
com;CON;subord;come1;nimd;s277640;2 ;1
com;CON;subord;come1;nimd;s278176;1 ;1
com;CON;subord;come1;nimd;s278297;5 ;1
com;CON;subord;come1;nimd;s278457;4 ;1
com;CON;subord;come1;nimd;s278458;1 ;1
com;CON;subord;come1;nimd;s278556;2 ;1
com;CON;subord;come1;nimd;s278728;7 ;1
com;CON;subord;come1;nouvel;s281611;3 ;1
com;CON;subord;come1;oakbook;s282344;2 ;1
com;CON;subord;come1;oakbook;s282350;7 ;1
com;CON;subord;come1;oakbook;s282363;4 ;1
com;CON;subord;come1;oakbook;s282406;6 ;1
com;CON;subord;come1;oakbook;s282445;7 ;1
com;CON;subord;come1;oakbook;s282476;2 ;1
com;CON;subord;come1;oakbook;s282499;6 ;1
com;CON;subord;come1;oakbook;s282503;5 ;1
com;CON;subord;come1;oakbook;s282728;1 ;1
com;CON;subord;come1;or;s285133;3 ;1
com;CON;subord;come1;pap;s287436;3 ;1
com;CON;subord;come1;pap;s287980;2 ;1
com;CON;subord;come1;pap;s288545;3 ;1
com;CON;subord;come1;papgreg2;s290120;14 ;1
com;CON;subord;come1;papgreg2;s290177;11 ;1
com;CON;subord;come1;papgreg2;s290306;27 ;1
com;CON;subord;come1;papgreg2;s290326;3 ;1
com;CON;subord;come1;papgreg2;s290328;3 ;1
com;CON;subord;come1;papgreg2;s290538;36 ;1
com;CON;subord;come1;papgreg2;s290662;29 ;1
com;CON;subord;come1;papgreg2;s290681;11 ;1
com;CON;subord;come1;pera;s293005;2 ;1
com;CON;subord;come1;pera;s293463;1 ;1
com;CON;subord;come1;perb;s294366;4 ;1
com;CON;subord;come1;perb;s295421;1 ;1
com;CON;subord;come1;perb;s295478;2 ;1
com;CON;subord;come1;percevalb;s297846;4 ;1
com;CON;subord;come1;percevalb;s298903;1 ;1
com;CON;subord;come1;percevalb;s298960;2 ;1
com;CON;subord;come1;percevalb;s299949;2 ;1
com;CON;subord;come1;percevalb;s301667;1 ;1
com;CON;subord;come1;percevalb;s301671;3 ;1
com;CON;subord;come1;percevalb;s302778;1 ;1
com;CON;subord;come1;percevalb;s303389;2 ;1
com;CON;subord;come1;percevalb;s304924;1 ;1
com;CON;subord;come1;perf;s307214;2 ;1
com;CON;subord;come1;perh;s309174;2 ;1
com;CON;subord;come1;perl;s311175;2 ;1
com;CON;subord;come1;perl;s311614;1 ;1
com;CON;subord;come1;perm;s313583;1 ;1
com;CON;subord;come1;perq;s316020;1 ;1
com;CON;subord;come1;perq;s317356;1 ;1
com;CON;subord;come1;perr;s317665;2 ;1
com;CON;subord;come1;perr;s317673;1 ;1
com;CON;subord;come1;perr;s318791;2 ;1
com;CON;subord;come1;perr;s319249;1 ;1
com;CON;subord;come1;perr;s319306;2 ;1
com;CON;subord;come1;pers;s319982;4 ;1
com;CON;subord;come1;pers;s320511;4 ;1
com;CON;subord;come1;pers;s320652;2 ;1
com;CON;subord;come1;pers;s321101;1 ;1
com;CON;subord;come1;pert;s322477;4 ;1
com;CON;subord;come1;peru;s323443;1 ;1
com;CON;subord;come1;peru;s324598;2 ;1
com;CON;subord;come1;peru;s325051;1 ;1
com;CON;subord;come1;poit;s328498;2 ;1
com;CON;subord;come1;poit;s328787;4 ;1
com;CON;subord;come1;poit;s330025;4 ;1
com;CON;subord;come1;pon2;s330818;24 ;1
com;CON;subord;come1;pritheo;s331223;2 ;1
com;CON;subord;come1;queste;s338010;9 ;1
com;CON;subord;come1;raou;s338378;7 ;1
com;CON;subord;come1;raou;s339601;4 ;1
com;CON;subord;come1;reis;s347186;7 ;1
com;CON;subord;come1;reis;s347604;8 ;1
com;CON;subord;come1;reis;s347607;9 ;1
com;CON;subord;come1;remi;s348479;2 ;1
com;CON;subord;come1;remi;s349289;1 ;1
com;CON;subord;come1;remi;s349627;4 ;1
com;CON;subord;come1;remi;s350149;2 ;1
com;CON;subord;come1;remi;s350432;3 ;1
com;CON;subord;come1;ren2;s353135;4 ;1
com;CON;subord;come1;robert;s354518;4 ;1
com;CON;subord;come1;robin;s354991;2 ;1
com;CON;subord;come1;rome;s366550;4 ;1
com;CON;subord;come1;rome;s366837;2 ;1
com;CON;subord;come1;rome;s367218;4 ;1
com;CON;subord;come1;rome;s367854;2 ;1
com;CON;subord;come1;romh;s368222;4 ;1
com;CON;subord;come1;romh;s368929;4 ;1
com;CON;subord;come1;romh;s369013;1 ;1
com;CON;subord;come1;romi;s369812;4 ;1
com;CON;subord;come1;romi;s370059;1 ;1
com;CON;subord;come1;roml;s372699;2 ;1
com;CON;subord;come1;roml;s373011;1 ;1
com;CON;subord;come1;roml;s373524;2 ;1
com;CON;subord;come1;romm;s373843;4 ;1
com;CON;subord;come1;romm;s374157;1 ;1
com;CON;subord;come1;romm;s374663;4 ;1
com;CON;subord;come1;romm;s375066;4 ;1
com;CON;subord;come1;romo;s375574;4 ;1
com;CON;subord;come1;romo;s375738;2 ;1
com;CON;subord;come1;romo;s376347;1 ;1
com;CON;subord;come1;rou1;s381203;7 ;1
com;CON;subord;come1;rou1;s381340;6 ;1
com;CON;subord;come1;sapient;s390547;11 ;1
com;CON;subord;come1;sapient;s390602;14 ;1
com;CON;subord;come1;sapient;s390660;37 ;1
com;CON;subord;come1;sapient;s390676;33 ;1
com;CON;subord;come1;sapient;s390729;19 ;1
com;CON;subord;come1;sapient;s390836;22 ;1
com;CON;subord;come1;sapient;s390838;16 ;1
com;CON;subord;come1;sapient;s390866;13 ;1
com;CON;subord;come1;sept;s390922;1 ;1
com;CON;subord;come1;sept;s390935;2 ;1
com;CON;subord;come1;sept;s391135;1 ;1
com;CON;subord;come1;sergbH;s391860;3 ;1
com;CON;subord;come1;sergbH;s391953;1 ;1
com;CON;subord;come1;sergbH;s392863;7 ;1
com;CON;subord;come1;stsilv;s395302;1 ;1
com;CON;subord;come1;stsilv;s395405;3 ;1
com;CON;subord;come1;stsilv;s395435;1 ;1
com;CON;subord;come1;stsilv;s395489;1 ;1
com;CON;subord;come1;stsilv;s395524;1 ;1
com;CON;subord;come1;stsilv;s395586;4 ;1
com;CON;subord;come1;stsilv;s395636;2 ;1
com;CON;subord;come1;stsilv;s395670;1 ;1
com;CON;subord;come1;stsilv;s395919;5 ;1
com;CON;subord;come1;stsilv;s396142;1 ;1
com;CON;subord;come1;stsilv;s396266;3 ;1
com;CON;subord;come1;stsilv;s396297;4 ;1
com;CON;subord;come1;stsilv;s396368;1 ;1
com;CON;subord;come1;stsilv;s396373;1 ;1
com;CON;subord;come1;sully2;s397013;3 ;1
com;CON;subord;come1;trib;s404541;1 ;1
com;CON;subord;come1;trib;s404542;2 ;1
com;CON;subord;come1;trib;s404693;1 ;1
com;CON;subord;come1;trib;s404909;4 ;1
com;CON;subord;come1;trib;s404960;4 ;1
com;CON;subord;come1;trib;s404999;2 ;1
com;CON;subord;come1;vache;s410274;4 ;1
com;CON;subord;come1;vache;s410275;4 ;1
com;CON;subord;come1;vache;s410737;3 ;1
com;CON;subord;come1;vache;s411465;3 ;1
com;CON;subord;come1;vcou;s413340;2 ;1
com;CON;subord;come1;vergia;s414018;1 ;1
com;CON;subord;come1;vergia;s414020;3 ;1
com;CON;subord;come1;vergia;s414171;5 ;1
com;CON;subord;come1;vergia;s414484;2 ;1
com;CON;subord;come1;vergib;s414968;1 ;1
com;CON;subord;come1;vergib;s414970;3 ;1
com;CON;subord;come1;vergib;s415010;1 ;1
com;CON;subord;come1;vergib;s415126;5 ;1
com;CON;subord;come1;vergib;s415223;1 ;1
com;CON;subord;come1;vergib;s415341;1 ;1
com;CON;subord;come1;vergib;s415441;2 ;1
com;CON;subord;come1;vergif;s417807;6 ;1
com;CON;subord;come1;vergig;s418753;6 ;1
com;CON;subord;come1;vergig;s418910;5 ;1
com;CON;subord;come1;vergih;s419725;1 ;1
com;CON;subord;come1;vergih;s419880;5 ;1
com;CON;subord;come1;vergih;s420097;1 ;1
com;CON;subord;come1;vergii;s420675;6 ;1
com;CON;subord;come1;vergik;s421602;3 ;1
com;CON;subord;come1;vergik;s421832;1 ;1
com;CON;subord;come1;volu;s429124;4 ;1
com;CON;subord;come1;wita;s429751;1 ;1
com;CON;subord;come1;yonecQ;s431545;3 ;1
com;CON;subord;come1;yonecQ;s431631;3 ;1
com;CON;subord;come1;yonecQ;s431655;3 ;1
com;CON;subord;come1;yvf;s433614;3 ;1
com;CON;subord;come1;yvf;s433736;4 ;1
com;CON;subord;come1;yvf;s434222;1 ;1
com;CON;subord;come1;yvh;s435590;2 ;1
com;CON;subord;come1;yvp;s436584;2 ;1
com;CON;subord;come1;yvv;s438642;4 ;1
comm;CON;subord;come1-come;amou;s15886;4 ;1
comm;CON;subord;come1-come;arr;s22150;4 ;1
con;CON;subord;come1;ailed;s4059;2 ;1
con;CON;subord;come1;ailed;s4532;5 ;1
con;CON;subord;come1;ailet;s5987;3 ;1
con;CON;subord;come1;aiol;s6365;5 ;1
con;CON;subord;come1;aiol;s6626;2 ;1
con;CON;subord;come1;amo;s14437;5 ;1
con;CON;subord;come1;baisieux;s29847;5 ;1
con;CON;subord;come1;barlaam;s31656;4 ;1
con;CON;subord;come1;bodo;s48974;2 ;1
con;CON;subord;come1;bodo;s49116;2 ;1
con;CON;subord;come1;calex;s51209;4 ;1
con;CON;subord;come1;compoit;s79072;3 ;1
con;CON;subord;come1;compoit;s79182;3 ;1
con;CON;subord;come1;compoit;s79530;5 ;1
con;CON;subord;come1;compoit;s79605;2 ;1
con;CON;subord;come1;compoit;s80456;2 ;1
con;CON;subord;come1;contre;s83129;3 ;1
con;CON;subord;come1;contre;s83829;1 ;1
con;CON;subord;come1;contre;s84165;5 ;1
con;CON;subord;come1;contro;s86006;4 ;1
con;CON;subord;come1;contro;s86070;4 ;1
con;CON;subord;come1;cordres;s88621;2 ;1
con;CON;subord;come1;cordres;s89044;4 ;1
con;CON;subord;come1;cordres;s89320;9 ;1
con;CON;subord;come1;desp;s93937;3 ;1
con;CON;subord;come1;elie;s106342;7 ;1
con;CON;subord;come1;epee;s111135;4 ;1
con;CON;subord;come1;epee;s111137;3 ;1
con;CON;subord;come1;epee;s111240;4 ;1
con;CON;subord;come1;fabb;s125797;3 ;1
con;CON;subord;come1;fablesC;s135898;2 ;1
con;CON;subord;come1;fablesC;s135906;1 ;1
con;CON;subord;come1;fablesC;s135956;1 ;1
con;CON;subord;come1;fablesC;s136165;1 ;1
con;CON;subord;come1;fablesC;s136215;4 ;1
con;CON;subord;come1;fablesC;s136321;1 ;1
con;CON;subord;come1;fablesC;s136346;1 ;1
con;CON;subord;come1;fablesC;s136576;1 ;1
con;CON;subord;come1;fablesC;s136605;1 ;1
con;CON;subord;come1;fablesC;s136990;1 ;1
con;CON;subord;come1;fablesC;s137012;1 ;1
con;CON;subord;come1;fablesC;s137932;3 ;1
con;CON;subord;come1;fablesC;s138212;2 ;1
con;CON;subord;come1;fablesC;s138537;2 ;1
con;CON;subord;come1;fablesC;s138546;1 ;1
con;CON;subord;come1;fablesC;s138623;1 ;1
con;CON;subord;come1;fablesC;s138680;1 ;1
con;CON;subord;come1;fablesK;s142419;4 ;1
con;CON;subord;come1;fablesK;s142866;3 ;1
con;CON;subord;come1;fablesK;s143473;2 ;1
con;CON;subord;come1;fablesK;s143622;1 ;1
con;CON;subord;come1;fablesK;s143680;1 ;1
con;CON;subord;come1;flo;s158621;5 ;1
con;CON;subord;come1;flo;s159011;5 ;1
con;CON;subord;come1;flo;s159024;1 ;1
con;CON;subord;come1;flo;s159026;6 ;1
con;CON;subord;come1;floov;s159756;5 ;1
con;CON;subord;come1;floov;s159918;5 ;1
con;CON;subord;come1;floov;s159923;7 ;1
con;CON;subord;come1;floov;s160283;6 ;1
con;CON;subord;come1;jouf;s199699;1 ;1
con;CON;subord;come1;juda;s200883;4 ;1
con;CON;subord;come1;livre;s210523;2 ;1
con;CON;subord;come1;livre;s210663;3 ;1
con;CON;subord;come1;livre;s210910;2 ;1
con;CON;subord;come1;livre;s211190;2 ;1
con;CON;subord;come1;livre;s211555;2 ;1
con;CON;subord;come1;livre;s211739;1 ;1
con;CON;subord;come1;malk;s219608;2 ;1
con;CON;subord;come1;malk;s219690;1 ;1
con;CON;subord;come1;malk;s219986;2 ;1
con;CON;subord;come1;malk;s220642;1 ;1
con;CON;subord;come1;malk;s220813;5 ;1
con;CON;subord;come1;malk;s221404;5 ;1
con;CON;subord;come1;malk;s221409;4 ;1
con;CON;subord;come1;malk;s221438;2 ;1
con;CON;subord;come1;malk;s221841;2 ;1
con;CON;subord;come1;malk;s222010;6 ;1
con;CON;subord;come1;marga;s222041;1 ;1
con;CON;subord;come1;meun;s233790;5 ;1
con;CON;subord;come1;meun;s234184;2 ;1
con;CON;subord;come1;meun;s234191;3 ;1
con;CON;subord;come1;meun;s234699;3 ;1
con;CON;subord;come1;meun;s234797;1 ;1
con;CON;subord;come1;meun;s235079;2 ;1
con;CON;subord;come1;meun;s235489;2 ;1
con;CON;subord;come1;meun;s236231;2 ;1
con;CON;subord;come1;moral2;s246001;6 ;1
con;CON;subord;come1;moral2;s246002;2 ;1
con;CON;subord;come1;moral2;s246452;5 ;1
con;CON;subord;come1;mule;s250627;2 ;1
con;CON;subord;come1;mule;s250751;1 ;1
con;CON;subord;come1;mule;s250825;2 ;1
con;CON;subord;come1;mule;s251111;1 ;1
con;CON;subord;come1;ndchar;s259915;3 ;1
con;CON;subord;come1;neele;s262998;1 ;1
con;CON;subord;come1;neele;s263275;6 ;1
con;CON;subord;come1;neele;s263294;3 ;1
con;CON;subord;come1;neele;s263318;3 ;1
con;CON;subord;come1;neele;s263319;1 ;1
con;CON;subord;come1;nic;s263668;1 ;1
con;CON;subord;come1;nic;s263881;2 ;1
con;CON;subord;come1;nic;s264144;3 ;1
con;CON;subord;come1;nima2;s269301;4 ;1
con;CON;subord;come1;nima4;s271678;5 ;1
con;CON;subord;come1;nimc;s276374;5 ;1
con;CON;subord;come1;nimc;s276387;5 ;1
con;CON;subord;come1;nimd;s278567;2 ;1
con;CON;subord;come1;nouvel;s279763;1 ;1
con;CON;subord;come1;orso;s285417;5 ;1
con;CON;subord;come1;orso;s285849;9 ;1
con;CON;subord;come1;orso;s286493;5 ;1
con;CON;subord;come1;orso;s286805;4 ;1
con;CON;subord;come1;orso;s286816;8 ;1
con;CON;subord;come1;orso;s286989;5 ;1
con;CON;subord;come1;perb;s293828;1 ;1
con;CON;subord;come1;percevalb;s297307;1 ;1
con;CON;subord;come1;perp;s315029;2 ;1
con;CON;subord;come1;ren2;s351964;3 ;1
con;CON;subord;come1;ren2;s352983;2 ;1
con;CON;subord;come1;ren2;s353115;4 ;1
con;CON;subord;come1;ren2;s353357;2 ;1
con;CON;subord;come1;roma;s360299;4 ;1
con;CON;subord;come1;romb;s361090;2 ;1
con;CON;subord;come1;romc;s363229;4 ;1
con;CON;subord;come1;romc;s364150;1 ;1
con;CON;subord;come1;romc;s364454;4 ;1
con;CON;subord;come1;romk;s371800;4 ;1
con;CON;subord;come1;rose;s378410;5 ;1
con;CON;subord;come1;rose;s380024;1 ;1
con;CON;subord;come1;vergih;s419765;1 ;1
con;CON;subord;come1;verite;s422985;1 ;1
con;CON;subord;come1;verite;s423311;1 ;1
con;CON;subord;come1;verite;s423336;5 ;1
con;CON;subord;come1;verite;s424144;1 ;1
con;CON;subord;come1;vilea;s426415;5 ;1
con;CON;subord;come1;vilea;s426422;4 ;1
con;CON;subord;come1;vilea;s426546;4 ;1
con;CON;subord;come1;vilhar;s427955;10 ;1
con;CON;subord;come1;yonecP;s431098;3 ;1
con;CON;subord;come1;yzop;s441552;4 ;1
conm;CON;subord;come1-come;contro;s86760;2 ;1
conm;CON;subord;come1-come;marga;s222291;5 ;1
cum;CON;subord;come1;aileg;s4584;2 ;1
cum;CON;subord;come1;alexo;s7894;7 ;1
cum;CON;subord;come1;alexo;s8008;5 ;1
cum;CON;subord;come1;alexo;s8046;5 ;1
cum;CON;subord;come1;alexo;s8049;10 ;1
cum;CON;subord;come1;alexo;s8099;7 ;1
cum;CON;subord;come1;alexo;s8125;4 ;1
cum;CON;subord;come1;alexo;s8286;5 ;1
cum;CON;subord;come1;alexo;s8490;1 ;1
cum;CON;subord;come1;alexo;s8499;6 ;1
cum;CON;subord;come1;alexo;s8561;6 ;1
cum;CON;subord;come1;alexo;s8595;9 ;1
cum;CON;subord;come1;alexo;s8607;1 ;1
cum;CON;subord;come1;alexo;s8647;9 ;1
cum;CON;subord;come1;alia;s11201;9 ;1
cum;CON;subord;come1;alia;s11575;2 ;1
cum;CON;subord;come1;alia;s11606;2 ;1
cum;CON;subord;come1;alia;s9094;5 ;1
cum;CON;subord;come1;alia;s9246;5 ;1
cum;CON;subord;come1;anti;s21873;1 ;1
cum;CON;subord;come1;beati;s33986;1 ;1
cum;CON;subord;come1;beati;s34289;2 ;1
cum;CON;subord;come1;beati;s34454;6 ;1
cum;CON;subord;come1;bern2;s40948;2 ;1
cum;CON;subord;come1;bern2;s41323;3 ;1
cum;CON;subord;come1;bern2;s41397;2 ;1
cum;CON;subord;come1;bern2;s41571;3 ;1
cum;CON;subord;come1;bern2;s42106;1 ;1
cum;CON;subord;come1;bern2;s42225;2 ;1
cum;CON;subord;come1;bern2;s42369;7 ;1
cum;CON;subord;come1;bern2;s42411;3 ;1
cum;CON;subord;come1;bern2;s42535;12 ;1
cum;CON;subord;come1;bern2;s42673;3 ;1
cum;CON;subord;come1;bern2;s42706;2 ;1
cum;CON;subord;come1;bern2;s42726;8 ;1
cum;CON;subord;come1;bern2;s42795;6 ;1
cum;CON;subord;come1;bern2;s42971;10 ;1
cum;CON;subord;come1;bern2;s42989;4 ;1
cum;CON;subord;come1;bern2;s43015;5 ;1
cum;CON;subord;come1;bern2;s43033;9 ;1
cum;CON;subord;come1;bern2;s43211;10 ;1
cum;CON;subord;come1;bern2;s43211;2 ;1
cum;CON;subord;come1;bern2;s43213;8 ;1
cum;CON;subord;come1;bern2;s43253;8 ;1
cum;CON;subord;come1;bern2;s43385;6 ;1
cum;CON;subord;come1;bern2;s43392;5 ;1
cum;CON;subord;come1;chro;s68861;1 ;1
cum;CON;subord;come1;chro;s69561;4 ;1
cum;CON;subord;come1;chro;s70656;1 ;1
cum;CON;subord;come1;darm;s90661;5 ;1
cum;CON;subord;come1;edmond;s96104;1 ;1
cum;CON;subord;come1;edmond;s96518;2 ;1
cum;CON;subord;come1;edmond;s96526;1 ;1
cum;CON;subord;come1;edmond;s96584;1 ;1
cum;CON;subord;come1;edmond;s96889;2 ;1
cum;CON;subord;come1;edmond;s97100;1 ;1
cum;CON;subord;come1;edmond;s97107;2 ;1
cum;CON;subord;come1;edmond;s97424;1 ;1
cum;CON;subord;come1;edmond;s97686;1 ;1
cum;CON;subord;come1;edmond;s97698;1 ;1
cum;CON;subord;come1;edmond;s97913;3 ;1
cum;CON;subord;come1;edmond;s98014;4 ;1
cum;CON;subord;come1;edmund;s100903;1 ;1
cum;CON;subord;come1;edmund;s100903;4 ;1
cum;CON;subord;come1;edmund;s101042;1 ;1
cum;CON;subord;come1;edmund;s101346;1 ;1
cum;CON;subord;come1;edmund;s101445;1 ;1
cum;CON;subord;come1;edmund;s101995;5 ;1
cum;CON;subord;come1;edmund;s98371;3 ;1
cum;CON;subord;come1;edmund;s98791;2 ;1
cum;CON;subord;come1;edmund;s99000;5 ;1
cum;CON;subord;come1;edmund;s99152;3 ;1
cum;CON;subord;come1;edmund;s99234;1 ;1
cum;CON;subord;come1;edmund;s99824;1 ;1
cum;CON;subord;come1;elid;s102885;2 ;1
cum;CON;subord;come1;elid;s102900;2 ;1
cum;CON;subord;come1;elid;s103245;3 ;1
cum;CON;subord;come1;elid;s103259;2 ;1
cum;CON;subord;come1;equiH;s111290;2 ;1
cum;CON;subord;come1;evrat1;s114263;4 ;1
cum;CON;subord;come1;evrat1;s114343;2 ;1
cum;CON;subord;come1;evrat1;s114653;2 ;1
cum;CON;subord;come1;evrat1;s114656;2 ;1
cum;CON;subord;come1;evrat1;s114836;2 ;1
cum;CON;subord;come1;evrat1;s115092;2 ;1
cum;CON;subord;come1;evrat1;s115099;2 ;1
cum;CON;subord;come1;evrat1;s116077;2 ;1
cum;CON;subord;come1;evrat1;s116237;5 ;1
cum;CON;subord;come1;evrat1;s116962;2 ;1
cum;CON;subord;come1;evrat1;s117098;4 ;1
cum;CON;subord;come1;evrat1;s117102;3 ;1
cum;CON;subord;come1;evrat1;s117489;2 ;1
cum;CON;subord;come1;evrat1;s117594;2 ;1
cum;CON;subord;come1;evrat1;s117693;5 ;1
cum;CON;subord;come1;evrat1;s117742;3 ;1
cum;CON;subord;come1;evrat1;s117776;2 ;1
cum;CON;subord;come1;evrat1;s117798;2 ;1
cum;CON;subord;come1;evrat1;s117964;3 ;1
cum;CON;subord;come1;evrat1;s118095;2 ;1
cum;CON;subord;come1;evrat1;s118353;2 ;1
cum;CON;subord;come1;evrat1;s118443;3 ;1
cum;CON;subord;come1;evrat1;s118476;2 ;1
cum;CON;subord;come1;evrat1;s118479;5 ;1
cum;CON;subord;come1;evrat1;s118496;1 ;1
cum;CON;subord;come1;fablesA;s129884;5 ;1
cum;CON;subord;come1;fablesA;s129991;1 ;1
cum;CON;subord;come1;fablesA;s130305;2 ;1
cum;CON;subord;come1;fablesA;s130661;1 ;1
cum;CON;subord;come1;fablesA;s130906;4 ;1
cum;CON;subord;come1;fablesA;s131186;4 ;1
cum;CON;subord;come1;fablesA;s131632;3 ;1
cum;CON;subord;come1;fablesA;s131912;2 ;1
cum;CON;subord;come1;fablesA;s132237;2 ;1
cum;CON;subord;come1;fablesA;s132246;1 ;1
cum;CON;subord;come1;fablesA;s132383;1 ;1
cum;CON;subord;come1;fablesA;s133085;2 ;1
cum;CON;subord;come1;fablesA;s133122;1 ;1
cum;CON;subord;come1;fablesB;s133451;2 ;1
cum;CON;subord;come1;fablesB;s133892;5 ;1
cum;CON;subord;come1;fablesB;s133999;1 ;1
cum;CON;subord;come1;fablesB;s134312;2 ;1
cum;CON;subord;come1;fablesB;s134894;4 ;1
cum;CON;subord;come1;fablesB;s134965;5 ;1
cum;CON;subord;come1;fablesB;s135018;4 ;1
cum;CON;subord;come1;fablesB;s135716;2 ;1
cum;CON;subord;come1;fablesM;s145981;2 ;1
cum;CON;subord;come1;fablesM;s146422;5 ;1
cum;CON;subord;come1;fablesM;s146529;1 ;1
cum;CON;subord;come1;fablesM;s146843;2 ;1
cum;CON;subord;come1;fablesM;s147199;1 ;1
cum;CON;subord;come1;fablesM;s147446;5 ;1
cum;CON;subord;come1;fablesM;s147727;4 ;1
cum;CON;subord;come1;fablesY;s151038;5 ;1
cum;CON;subord;come1;fablesY;s151145;1 ;1
cum;CON;subord;come1;fablesY;s151392;2 ;1
cum;CON;subord;come1;fablesY;s151528;1 ;1
cum;CON;subord;come1;gibv;s163138;2 ;1
cum;CON;subord;come1;gibv;s163416;4 ;1
cum;CON;subord;come1;gorm;s164809;1 ;1
cum;CON;subord;come1;gorm;s164935;1 ;1
cum;CON;subord;come1;gorm;s164939;1 ;1
cum;CON;subord;come1;guigH;s170497;2 ;1
cum;CON;subord;come1;hard;s173211;4 ;1
cum;CON;subord;come1;hard;s173391;6 ;1
cum;CON;subord;come1;hard;s173442;2 ;1
cum;CON;subord;come1;hard;s173694;5 ;1
cum;CON;subord;come1;hard;s173884;6 ;1
cum;CON;subord;come1;hard;s173886;2 ;1
cum;CON;subord;come1;hard;s173926;7 ;1
cum;CON;subord;come1;hard;s174418;4 ;1
cum;CON;subord;come1;hard;s174518;3 ;1
cum;CON;subord;come1;ipo;s184939;1 ;1
cum;CON;subord;come1;ipo;s185221;2 ;1
cum;CON;subord;come1;ipo;s186113;3 ;1
cum;CON;subord;come1;ipo;s186392;3 ;1
cum;CON;subord;come1;ipo;s186586;1 ;1
cum;CON;subord;come1;ipo;s186587;1 ;1
cum;CON;subord;come1;ipo;s186746;3 ;1
cum;CON;subord;come1;ipo;s186833;5 ;1
cum;CON;subord;come1;ipo;s186882;1 ;1
cum;CON;subord;come1;ipo;s186981;1 ;1
cum;CON;subord;come1;ipo;s186992;1 ;1
cum;CON;subord;come1;ipo;s187131;1 ;1
cum;CON;subord;come1;ipo;s187208;2 ;1
cum;CON;subord;come1;ipo;s187404;1 ;1
cum;CON;subord;come1;ipo;s187783;1 ;1
cum;CON;subord;come1;ipo;s188055;2 ;1
cum;CON;subord;come1;ipo;s188222;1 ;1
cum;CON;subord;come1;ipo;s188964;1 ;1
cum;CON;subord;come1;ipo;s189301;1 ;1
cum;CON;subord;come1;ipo;s189496;1 ;1
cum;CON;subord;come1;ipo;s189795;4 ;1
cum;CON;subord;come1;ipo;s190114;1 ;1
cum;CON;subord;come1;ipo;s190161;1 ;1
cum;CON;subord;come1;ipo;s190727;5 ;1
cum;CON;subord;come1;ipo;s191261;3 ;1
cum;CON;subord;come1;ipo;s191543;2 ;1
cum;CON;subord;come1;ipo;s191784;5 ;1
cum;CON;subord;come1;ipo;s192128;3 ;1
cum;CON;subord;come1;ipo;s192217;1 ;1
cum;CON;subord;come1;ipo;s192491;2 ;1
cum;CON;subord;come1;ipo;s192572;5 ;1
cum;CON;subord;come1;ipo;s192861;5 ;1
cum;CON;subord;come1;ipo;s192928;1 ;1
cum;CON;subord;come1;ipo;s194490;4 ;1
cum;CON;subord;come1;ipo;s194557;1 ;1
cum;CON;subord;come1;ipo;s194638;4 ;1
cum;CON;subord;come1;kathe;s202196;1 ;1
cum;CON;subord;come1;lanvalC;s203318;1 ;1
cum;CON;subord;come1;lanvalH;s203964;1 ;1
cum;CON;subord;come1;malk;s221037;1 ;1
cum;CON;subord;come1;martin2;s224682;3 ;1
cum;CON;subord;come1;martin2;s225041;4 ;1
cum;CON;subord;come1;martin2;s225306;2 ;1
cum;CON;subord;come1;martin2;s225449;2 ;1
cum;CON;subord;come1;michel;s236807;2 ;1
cum;CON;subord;come1;milunH;s237875;3 ;1
cum;CON;subord;come1;milunH;s238255;1 ;1
cum;CON;subord;come1;mir;s239851;3 ;1
cum;CON;subord;come1;mir;s239880;2 ;1
cum;CON;subord;come1;mir;s239901;1 ;1
cum;CON;subord;come1;mir;s239909;1 ;1
cum;CON;subord;come1;mir;s240244;4 ;1
cum;CON;subord;come1;modw;s241396;4 ;1
cum;CON;subord;come1;modw;s241719;1 ;1
cum;CON;subord;come1;modw;s241907;1 ;1
cum;CON;subord;come1;modw;s242014;2 ;1
cum;CON;subord;come1;modw;s242606;1 ;1
cum;CON;subord;come1;modw;s242618;1 ;1
cum;CON;subord;come1;modw;s242835;1 ;1
cum;CON;subord;come1;modw;s243098;4 ;1
cum;CON;subord;come1;moral;s243427;3 ;1
cum;CON;subord;come1;mrgri;s250453;2 ;1
cum;CON;subord;come1;myst;s251770;4 ;1
cum;CON;subord;come1;myst;s252012;3 ;1
cum;CON;subord;come1;myst;s252013;1 ;1
cum;CON;subord;come1;myst;s252059;3 ;1
cum;CON;subord;come1;myst;s252079;5 ;1
cum;CON;subord;come1;myst;s252082;1 ;1
cum;CON;subord;come1;oakbook;s282129;9 ;1
cum;CON;subord;come1;pap;s289283;1 ;1
cum;CON;subord;come1;pap;s289494;7 ;1
cum;CON;subord;come1;percevalb;s304489;4 ;1
cum;CON;subord;come1;percevalb;s306075;1 ;1
cum;CON;subord;come1;percevalb;s306140;3 ;1
cum;CON;subord;come1;perh;s309077;2 ;1
cum;CON;subord;come1;perh;s309635;1 ;1
cum;CON;subord;come1;poit;s326281;2 ;1
cum;CON;subord;come1;poit;s326776;1 ;1
cum;CON;subord;come1;poit;s327557;6 ;1
cum;CON;subord;come1;poit;s328333;2 ;1
cum;CON;subord;come1;poit;s328576;3 ;1
cum;CON;subord;come1;poit;s328792;7 ;1
cum;CON;subord;come1;poit;s328817;10 ;1
cum;CON;subord;come1;poit;s328920;6 ;1
cum;CON;subord;come1;psautier;s332317;1 ;1
cum;CON;subord;come1;psautier;s332362;6 ;1
cum;CON;subord;come1;psautier;s332397;3 ;1
cum;CON;subord;come1;psautier;s332508;2 ;1
cum;CON;subord;come1;psautier;s332508;6 ;1
cum;CON;subord;come1;psautier;s332574;3 ;1
cum;CON;subord;come1;psautier;s332682;1 ;1
cum;CON;subord;come1;psautier;s332837;1 ;1
cum;CON;subord;come1;psautier;s333102;4 ;1
cum;CON;subord;come1;psautier;s333408;5 ;1
cum;CON;subord;come1;psautier;s333626;4 ;1
cum;CON;subord;come1;psautier;s334473;3 ;1
cum;CON;subord;come1;psautier;s334493;5 ;1
cum;CON;subord;come1;psautier;s334497;7 ;1
cum;CON;subord;come1;psautier;s335167;1 ;1
cum;CON;subord;come1;psautier;s336427;5 ;1
cum;CON;subord;come1;psautier;s336603;4 ;1
cum;CON;subord;come1;psautier;s336651;7 ;1
cum;CON;subord;come1;pseuturp;s337384;2 ;1
cum;CON;subord;come1;pseuturp;s337477;27 ;1
cum;CON;subord;come1;pseuturp;s337535;2 ;1
cum;CON;subord;come1;reis;s340841;6 ;1
cum;CON;subord;come1;reis;s341043;3 ;1
cum;CON;subord;come1;reis;s341415;7 ;1
cum;CON;subord;come1;reis;s341823;4 ;1
cum;CON;subord;come1;reis;s343780;8 ;1
cum;CON;subord;come1;reis;s344411;10 ;1
cum;CON;subord;come1;reis;s345810;9 ;1
cum;CON;subord;come1;reis;s346828;3 ;1
cum;CON;subord;come1;reis;s347088;9 ;1
cum;CON;subord;come1;reis;s347106;3 ;1
cum;CON;subord;come1;rolandox;s357005;4 ;1
cum;CON;subord;come1;rolandox;s357624;4 ;1
cum;CON;subord;come1;rolandox;s357652;4 ;1
cum;CON;subord;come1;rolandox;s358208;1 ;1
cum;CON;subord;come1;rolandox;s358418;1 ;1
cum;CON;subord;come1;rolandox;s358842;4 ;1
cum;CON;subord;come1;rou3a;s382381;2 ;1
cum;CON;subord;come1;rou3b;s383086;3 ;1
cum;CON;subord;come1;rou3b;s383115;2 ;1
cum;CON;subord;come1;rou3b;s383493;2 ;1
cum;CON;subord;come1;sergbH;s392471;2 ;1
cum;CON;subord;come1;sergbH;s392641;2 ;1
cum;CON;subord;come1;sergbH;s393127;6 ;1
cum;CON;subord;come1;sergbH;s393250;4 ;1
cum;CON;subord;come1;sergbO;s393784;3 ;1
cum;CON;subord;come1;sergbO;s393878;1 ;1
cum;CON;subord;come1;sully2;s396599;2 ;1
cum;CON;subord;come1;sully2;s396775;6 ;1
cum;CON;subord;come1;sully2;s396823;4 ;1
cum;CON;subord;come1;sully2;s396966;1 ;1
cum;CON;subord;come1;sully2;s397094;5 ;1
cum;CON;subord;come1;sully2;s397412;2 ;1
cum;CON;subord;come1;sully2;s397758;8 ;1
cum;CON;subord;come1;sully2;s398075;3 ;1
cum;CON;subord;come1;sully2;s398136;2 ;1
cum;CON;subord;come1;sully2;s398139;2 ;1
cum;CON;subord;come1;sully2;s398241;8 ;1
cum;CON;subord;come1;sully2;s398319;7 ;1
cum;CON;subord;come1;sully2;s398344;7 ;1
cum;CON;subord;come1;sully2;s398386;2 ;1
cum;CON;subord;come1;sully2;s398421;2 ;1
cum;CON;subord;come1;sully2;s398473;5 ;1
cum;CON;subord;come1;sully2;s399137;3 ;1
cum;CON;subord;come1;sully2;s399294;3 ;1
cum;CON;subord;come1;sully2;s399513;5 ;1
cum;CON;subord;come1;sully2;s399549;2 ;1
cum;CON;subord;come1;sully2;s399549;8 ;1
cum;CON;subord;come1;sully2;s399621;10 ;1
cum;CON;subord;come1;sully2;s399701;10 ;1
cum;CON;subord;come1;sully2;s399703;11 ;1
cum;CON;subord;come1;sully2;s399756;9 ;1
cum;CON;subord;come1;sully2;s399796;2 ;1
cum;CON;subord;come1;sully2;s399803;2 ;1
cum;CON;subord;come1;sully2;s400117;5 ;1
cum;CON;subord;come1;sully2;s400324;7 ;1
cum;CON;subord;come1;sully2;s400501;5 ;1
cum;CON;subord;come1;sully2;s400524;6 ;1
cum;CON;subord;come1;sully2;s400820;2 ;1
cum;CON;subord;come1;teo2;s401158;1 ;1
cum;CON;subord;come1;teo2;s401698;1 ;1
cum;CON;subord;come1;thebefrag;s403331;1 ;1
cum;CON;subord;come1;troifr;s409497;1 ;1
cum;CON;subord;come1;turp;s409518;3 ;1
cum;CON;subord;come1;turp;s409521;43 ;1
cum;CON;subord;come1;turp;s409670;4 ;1
cum;CON;subord;come1;turp;s409938;11 ;1
cum;CON;subord;come1;yonecH;s430830;3 ;1
cum;CON;subord;come1;yonecH;s430914;3 ;1
cum;CON;subord;come1;yonecH;s430938;3 ;1
cum;CON;subord;come1;yonecH;s430987;2 ;1
