word;lemma;pos;decl;gender;number;id;ref1;ref2;F
deneree;denree;NOM;suj;femi;sg;nima3;s270747;2;1
deneree;denree;NOM;suj;femi;sg;nima4;s272210;2;1
deneree;denree;NOM;suj;femi;sg;nimc;s276994;2;1
durament;durement;ADV;NA;NA;NA;poit;s328700;3;1
durament;durement;ADV;NA;NA;NA;poit;s330446;7;1
durament;durement;ADV;NA;NA;NA;turp;s409539;9;1
durament;durement;ADV;NA;NA;NA;turp;s410032;8;1
duremant;durement;ADV;NA;NA;NA;barlaam;s31760;6;1
duremant;durement;ADV;NA;NA;NA;barlaam;s31937;0;1
duremant;durement;ADV;NA;NA;NA;barlaam;s32108;3;1
duremant;durement;ADV;NA;NA;NA;barlaam;s32252;5;1
duremant;durement;ADV;NA;NA;NA;barlaam;s32252;1;1
duremant;durement;ADV;NA;NA;NA;barlaam;s32287;5;1
duremant;durement;ADV;NA;NA;NA;barlaam;s32319;6;1
duremant;durement;ADV;NA;NA;NA;bel;s38460;5;1
duremant;durement;ADV;NA;NA;NA;bourg;s49804;2;1
duremant;durement;ADV;NA;NA;NA;bourg;s50045;2;1
duremant;durement;ADV;NA;NA;NA;bourg;s50047;4;1
duremant;durement;ADV;NA;NA;NA;bourg;s50128;6;1
duremant;durement;ADV;NA;NA;NA;contre;s83020;4;1
duremant;durement;ADV;NA;NA;NA;contro;s85759;6;1
duremant;durement;ADV;NA;NA;NA;contro;s85867;2;1
duremant;durement;ADV;NA;NA;NA;contro;s85875;2;1
duremant;durement;ADV;NA;NA;NA;contro;s85915;2;1
duremant;durement;ADV;NA;NA;NA;contro;s85930;3;1
duremant;durement;ADV;NA;NA;NA;contro;s86556;2;1
duremant;durement;ADV;NA;NA;NA;contro;s86595;1;1
duremant;durement;ADV;NA;NA;NA;contro;s86624;2;1
duremant;durement;ADV;NA;NA;NA;contro;s86878;4;1
duremant;durement;ADV;NA;NA;NA;contro;s86881;5;1
duremant;durement;ADV;NA;NA;NA;contro;s86994;2;1
duremant;durement;ADV;NA;NA;NA;contro;s87074;2;1
duremant;durement;ADV;NA;NA;NA;contro;s87333;4;1
duremant;durement;ADV;NA;NA;NA;contro;s87353;6;1
duremant;durement;ADV;NA;NA;NA;contro;s87684;4;1
duremant;durement;ADV;NA;NA;NA;contro;s87734;2;1
duremant;durement;ADV;NA;NA;NA;contro;s87916;4;1
duremant;durement;ADV;NA;NA;NA;contro;s87980;3;1
duremant;durement;ADV;NA;NA;NA;contro;s87989;4;1
duremant;durement;ADV;NA;NA;NA;contro;s88007;2;1
duremant;durement;ADV;NA;NA;NA;contro;s88044;2;1
duremant;durement;ADV;NA;NA;NA;contro;s88428;2;1
duremant;durement;ADV;NA;NA;NA;contro;s88442;2;1
duremant;durement;ADV;NA;NA;NA;fab4e;s121198;3;1
duremant;durement;ADV;NA;NA;NA;faba;s124839;6;1
duremant;durement;ADV;NA;NA;NA;fabb;s125925;5;1
duremant;durement;ADV;NA;NA;NA;flo;s158724;7;1
duremant;durement;ADV;NA;NA;NA;flo;s158947;2;1
duremant;durement;ADV;NA;NA;NA;floov;s160011;5;1
duremant;durement;ADV;NA;NA;NA;orso;s285459;6;1
duremant;durement;ADV;NA;NA;NA;orso;s285494;6;1
duremant;durement;ADV;NA;NA;NA;orso;s286421;7;1
duremant;durement;ADV;NA;NA;NA;orso;s286651;8;1
duremant;durement;ADV;NA;NA;NA;orso;s287089;7;1
duremant;durement;ADV;NA;NA;NA;perb;s294350;2;1
duremant;durement;ADV;NA;NA;NA;percevalb;s297830;2;1
duremant;durement;ADV;NA;NA;NA;percevalb;s302058;3;1
duremant;durement;ADV;NA;NA;NA;percevalb;s302249;4;1
duremant;durement;ADV;NA;NA;NA;percevalb;s302735;5;1
duremant;durement;ADV;NA;NA;NA;roml;s372353;3;1
duremant;durement;ADV;NA;NA;NA;roml;s373271;3;1
duremant;durement;ADV;NA;NA;NA;roml;s373359;3;1
duremant;durement;ADV;NA;NA;NA;rose;s380574;4;1
duremant;durement;ADV;NA;NA;NA;thibo;s403523;8;1
duremant;durement;ADV;NA;NA;NA;yzop;s440735;1;1
duremant;durement;ADV;NA;NA;NA;yzop;s441536;4;1
duremant;durement;ADV;NA;NA;NA;yzop;s441848;5;1
duremant;durement;ADV;NA;NA;NA;yzop;s441926;1;1
duremant;durement;ADV;NA;NA;NA;yzop;s442676;5;1
durement;durement;ADV;NA;NA;NA;abe;s257;3;1
durement;durement;ADV;NA;NA;NA;ailea;s3031;5;1
durement;durement;ADV;NA;NA;NA;aileb;s3683;5;1
durement;durement;ADV;NA;NA;NA;ailed;s4166;5;1
durement;durement;ADV;NA;NA;NA;aileg;s4691;5;1
durement;durement;ADV;NA;NA;NA;aileo;s5343;5;1
durement;durement;ADV;NA;NA;NA;ailet;s5596;5;1
durement;durement;ADV;NA;NA;NA;amad;s11940;5;1
durement;durement;ADV;NA;NA;NA;amad;s12074;4;1
durement;durement;ADV;NA;NA;NA;amad;s12281;4;1
durement;durement;ADV;NA;NA;NA;amile;s13049;5;1
durement;durement;ADV;NA;NA;NA;amo;s13480;3;1
durement;durement;ADV;NA;NA;NA;amo;s13681;5;1
durement;durement;ADV;NA;NA;NA;amo;s13817;2;1
durement;durement;ADV;NA;NA;NA;amo;s13826;4;1
durement;durement;ADV;NA;NA;NA;amo;s14409;2;1
durement;durement;ADV;NA;NA;NA;amo;s14541;5;1
durement;durement;ADV;NA;NA;NA;amo;s14695;6;1
durement;durement;ADV;NA;NA;NA;amo;s15236;7;1
durement;durement;ADV;NA;NA;NA;amo;s15270;2;1
durement;durement;ADV;NA;NA;NA;amo;s15515;5;1
durement;durement;ADV;NA;NA;NA;anth;s18659;1;1
durement;durement;ADV;NA;NA;NA;anth;s20114;1;1
durement;durement;ADV;NA;NA;NA;anth;s20643;3;1
durement;durement;ADV;NA;NA;NA;anth;s20836;7;1
durement;durement;ADV;NA;NA;NA;anti;s21345;4;1
durement;durement;ADV;NA;NA;NA;anti;s21838;4;1
durement;durement;ADV;NA;NA;NA;arr;s22112;5;1
durement;durement;ADV;NA;NA;NA;artch;s24016;8;1
durement;durement;ADV;NA;NA;NA;athi;s24703;2;1
durement;durement;ADV;NA;NA;NA;athi;s25792;5;1
durement;durement;ADV;NA;NA;NA;athi;s25890;2;1
durement;durement;ADV;NA;NA;NA;athi;s25931;2;1
durement;durement;ADV;NA;NA;NA;athi;s26721;3;1
durement;durement;ADV;NA;NA;NA;atre;s27622;3;1
durement;durement;ADV;NA;NA;NA;atre;s28237;2;1
durement;durement;ADV;NA;NA;NA;auc;s28465;9;1
durement;durement;ADV;NA;NA;NA;auc;s28598;4;1
durement;durement;ADV;NA;NA;NA;auc;s28634;3;1
durement;durement;ADV;NA;NA;NA;avu;s29136;3;1
durement;durement;ADV;NA;NA;NA;aye;s29491;5;1
durement;durement;ADV;NA;NA;NA;barlaam;s32027;3;1
durement;durement;ADV;NA;NA;NA;bel;s38167;2;1
durement;durement;ADV;NA;NA;NA;benoit;s40163;4;1
durement;durement;ADV;NA;NA;NA;bern2;s41033;2;1
durement;durement;ADV;NA;NA;NA;besant;s44087;5;1
durement;durement;ADV;NA;NA;NA;best;s44718;3;1
durement;durement;ADV;NA;NA;NA;best;s44723;5;1
durement;durement;ADV;NA;NA;NA;best;s45251;2;1
durement;durement;ADV;NA;NA;NA;best;s45330;4;1
durement;durement;ADV;NA;NA;NA;best;s45452;5;1
durement;durement;ADV;NA;NA;NA;best;s45460;5;1
durement;durement;ADV;NA;NA;NA;best;s45794;4;1
durement;durement;ADV;NA;NA;NA;best;s46053;4;1
durement;durement;ADV;NA;NA;NA;best;s46548;2;1
durement;durement;ADV;NA;NA;NA;best;s46608;4;1
durement;durement;ADV;NA;NA;NA;best;s46622;4;1
durement;durement;ADV;NA;NA;NA;best;s46773;5;1
durement;durement;ADV;NA;NA;NA;best;s46814;1;1
durement;durement;ADV;NA;NA;NA;best;s47082;2;1
durement;durement;ADV;NA;NA;NA;best;s48434;5;1
durement;durement;ADV;NA;NA;NA;bodo;s49057;4;1
durement;durement;ADV;NA;NA;NA;calex;s52045;2;1
durement;durement;ADV;NA;NA;NA;calex;s52306;2;1
durement;durement;ADV;NA;NA;NA;carp;s55603;2;1
durement;durement;ADV;NA;NA;NA;carp;s55886;2;1
durement;durement;ADV;NA;NA;NA;carp;s56447;3;1
durement;durement;ADV;NA;NA;NA;cass;s57818;1;1
durement;durement;ADV;NA;NA;NA;cass;s57902;5;1
durement;durement;ADV;NA;NA;NA;chaitH;s58673;3;1
durement;durement;ADV;NA;NA;NA;chastoi;s60830;5;1
durement;durement;ADV;NA;NA;NA;chauvency;s63862;3;1
durement;durement;ADV;NA;NA;NA;chret2;s66295;2;1
durement;durement;ADV;NA;NA;NA;chret2;s67514;2;1
durement;durement;ADV;NA;NA;NA;chro;s69814;2;1
durement;durement;ADV;NA;NA;NA;clari2;s71062;7;1
durement;durement;ADV;NA;NA;NA;clari2;s71280;7;1
durement;durement;ADV;NA;NA;NA;clari2;s71289;4;1
durement;durement;ADV;NA;NA;NA;clari2;s71370;5;1
durement;durement;ADV;NA;NA;NA;clari2;s71443;8;1
durement;durement;ADV;NA;NA;NA;clari2;s71489;1;1
durement;durement;ADV;NA;NA;NA;clari2;s71496;8;1
durement;durement;ADV;NA;NA;NA;clari2;s71599;7;1
durement;durement;ADV;NA;NA;NA;clari2;s71628;5;1
durement;durement;ADV;NA;NA;NA;clari2;s71644;4;1
durement;durement;ADV;NA;NA;NA;clari2;s71663;2;1
durement;durement;ADV;NA;NA;NA;clari2;s71675;5;1
durement;durement;ADV;NA;NA;NA;clari2;s71695;6;1
durement;durement;ADV;NA;NA;NA;clari2;s71703;3;1
durement;durement;ADV;NA;NA;NA;clari2;s71707;9;1
durement;durement;ADV;NA;NA;NA;clari2;s71727;0;1
durement;durement;ADV;NA;NA;NA;clari2;s71729;6;1
durement;durement;ADV;NA;NA;NA;clari2;s71742;2;1
durement;durement;ADV;NA;NA;NA;clari2;s71749;5;1
durement;durement;ADV;NA;NA;NA;clari2;s71753;2;1
durement;durement;ADV;NA;NA;NA;clari2;s71760;4;1
durement;durement;ADV;NA;NA;NA;clari2;s71854;6;1
durement;durement;ADV;NA;NA;NA;clari2;s72022;1;1
durement;durement;ADV;NA;NA;NA;clef;s73157;3;1
durement;durement;ADV;NA;NA;NA;clef;s73231;5;1
durement;durement;ADV;NA;NA;NA;clef;s73428;4;1
durement;durement;ADV;NA;NA;NA;clef;s74663;4;1
durement;durement;ADV;NA;NA;NA;clef;s75349;1;1
durement;durement;ADV;NA;NA;NA;cleom;s76316;2;1
durement;durement;ADV;NA;NA;NA;cleom;s76414;2;1
durement;durement;ADV;NA;NA;NA;cleom;s76544;3;1
durement;durement;ADV;NA;NA;NA;cleom;s77690;3;1
durement;durement;ADV;NA;NA;NA;coinci;s78778;2;1
durement;durement;ADV;NA;NA;NA;coinci;s78859;1;1
durement;durement;ADV;NA;NA;NA;compoit;s79165;4;1
durement;durement;ADV;NA;NA;NA;compoit;s79208;3;1
durement;durement;ADV;NA;NA;NA;compoit;s79411;5;1
durement;durement;ADV;NA;NA;NA;compoit;s79562;2;1
durement;durement;ADV;NA;NA;NA;compoit;s79830;4;1
durement;durement;ADV;NA;NA;NA;compoit;s79964;2;1
durement;durement;ADV;NA;NA;NA;compoit;s80086;2;1
durement;durement;ADV;NA;NA;NA;compoit;s80105;4;1
durement;durement;ADV;NA;NA;NA;compoit;s80358;3;1
durement;durement;ADV;NA;NA;NA;compoit;s80436;2;1
durement;durement;ADV;NA;NA;NA;compoit;s80517;4;1
durement;durement;ADV;NA;NA;NA;compoit;s80592;3;1
durement;durement;ADV;NA;NA;NA;compoit;s80602;4;1
durement;durement;ADV;NA;NA;NA;conperc;s80755;2;1
durement;durement;ADV;NA;NA;NA;conperc;s80823;2;1
durement;durement;ADV;NA;NA;NA;conperc;s80959;4;1
durement;durement;ADV;NA;NA;NA;conperc;s81241;2;1
durement;durement;ADV;NA;NA;NA;conperc;s81456;1;1
durement;durement;ADV;NA;NA;NA;conperc;s81573;2;1
durement;durement;ADV;NA;NA;NA;conperc;s81665;2;1
durement;durement;ADV;NA;NA;NA;conperc;s81673;4;1
durement;durement;ADV;NA;NA;NA;conperc;s81853;2;1
durement;durement;ADV;NA;NA;NA;contre;s82746;3;1
durement;durement;ADV;NA;NA;NA;desp;s91562;3;1
durement;durement;ADV;NA;NA;NA;desp;s92021;1;1
durement;durement;ADV;NA;NA;NA;desp;s92142;4;1
durement;durement;ADV;NA;NA;NA;desp;s92148;2;1
durement;durement;ADV;NA;NA;NA;desp;s92181;4;1
durement;durement;ADV;NA;NA;NA;desp;s92202;4;1
durement;durement;ADV;NA;NA;NA;desp;s92290;4;1
durement;durement;ADV;NA;NA;NA;desp;s92308;5;1
durement;durement;ADV;NA;NA;NA;desp;s92626;2;1
durement;durement;ADV;NA;NA;NA;desp;s93433;5;1
durement;durement;ADV;NA;NA;NA;desp;s93647;5;1
durement;durement;ADV;NA;NA;NA;desp;s93784;1;1
durement;durement;ADV;NA;NA;NA;desp;s93803;3;1
durement;durement;ADV;NA;NA;NA;egip;s102425;1;1
durement;durement;ADV;NA;NA;NA;egip;s102843;2;1
durement;durement;ADV;NA;NA;NA;elid;s103071;4;1
durement;durement;ADV;NA;NA;NA;elid;s103137;2;1
durement;durement;ADV;NA;NA;NA;elid;s103298;6;1
durement;durement;ADV;NA;NA;NA;elid;s103314;2;1
durement;durement;ADV;NA;NA;NA;elid;s103380;1;1
durement;durement;ADV;NA;NA;NA;elid;s103448;2;1
durement;durement;ADV;NA;NA;NA;elie;s105038;6;1
durement;durement;ADV;NA;NA;NA;elie;s105462;6;1
durement;durement;ADV;NA;NA;NA;elie;s106084;8;1
durement;durement;ADV;NA;NA;NA;enf;s109250;2;1
durement;durement;ADV;NA;NA;NA;epee;s110582;5;1
durement;durement;ADV;NA;NA;NA;epee;s110730;4;1
durement;durement;ADV;NA;NA;NA;epee;s110947;2;1
durement;durement;ADV;NA;NA;NA;epee;s111167;2;1
durement;durement;ADV;NA;NA;NA;equiH;s111279;5;1
durement;durement;ADV;NA;NA;NA;equiS;s111594;5;1
durement;durement;ADV;NA;NA;NA;equiS;s111651;2;1
durement;durement;ADV;NA;NA;NA;eustache;s112709;4;1
durement;durement;ADV;NA;NA;NA;eustache;s113741;3;1
durement;durement;ADV;NA;NA;NA;evrat1;s114765;1;1
durement;durement;ADV;NA;NA;NA;evrat1;s115025;1;1
durement;durement;ADV;NA;NA;NA;evrat1;s115642;2;1
durement;durement;ADV;NA;NA;NA;evrat1;s116404;3;1
durement;durement;ADV;NA;NA;NA;evrat1;s117633;3;1
durement;durement;ADV;NA;NA;NA;evratC2;s119118;1;1
durement;durement;ADV;NA;NA;NA;fab4c;s120293;5;1
durement;durement;ADV;NA;NA;NA;fab4c;s120518;3;1
durement;durement;ADV;NA;NA;NA;fab4e;s121331;2;1
durement;durement;ADV;NA;NA;NA;fab4f;s122034;3;1
durement;durement;ADV;NA;NA;NA;faba;s122781;2;1
durement;durement;ADV;NA;NA;NA;faba;s123172;2;1
durement;durement;ADV;NA;NA;NA;faba;s123265;5;1
durement;durement;ADV;NA;NA;NA;faba;s124066;5;1
durement;durement;ADV;NA;NA;NA;fabb;s126271;3;1
durement;durement;ADV;NA;NA;NA;fabd;s126768;3;1
durement;durement;ADV;NA;NA;NA;fabd;s127063;2;1
durement;durement;ADV;NA;NA;NA;fabd;s127193;5;1
durement;durement;ADV;NA;NA;NA;fabd;s127529;2;1
durement;durement;ADV;NA;NA;NA;fabd;s127616;4;1
durement;durement;ADV;NA;NA;NA;fabd;s127655;2;1
durement;durement;ADV;NA;NA;NA;fabj;s127987;5;1
durement;durement;ADV;NA;NA;NA;fabj;s128209;5;1
durement;durement;ADV;NA;NA;NA;fabj;s128709;3;1
durement;durement;ADV;NA;NA;NA;fabj;s129007;3;1
durement;durement;ADV;NA;NA;NA;fabj;s129129;3;1
durement;durement;ADV;NA;NA;NA;fablesA;s129520;2;1
durement;durement;ADV;NA;NA;NA;fablesA;s129625;2;1
durement;durement;ADV;NA;NA;NA;fablesA;s130971;6;1
durement;durement;ADV;NA;NA;NA;fablesA;s131510;5;1
durement;durement;ADV;NA;NA;NA;fablesA;s131947;2;1
durement;durement;ADV;NA;NA;NA;fablesA;s132188;5;1
durement;durement;ADV;NA;NA;NA;fablesA;s132622;5;1
durement;durement;ADV;NA;NA;NA;fablesA;s132651;4;1
durement;durement;ADV;NA;NA;NA;fablesA;s132868;1;1
durement;durement;ADV;NA;NA;NA;fablesA;s132985;2;1
durement;durement;ADV;NA;NA;NA;fablesA;s133187;5;1
durement;durement;ADV;NA;NA;NA;fablesB;s133528;2;1
durement;durement;ADV;NA;NA;NA;fablesB;s133633;2;1
durement;durement;ADV;NA;NA;NA;fablesB;s134959;6;1
durement;durement;ADV;NA;NA;NA;fablesB;s135342;5;1
durement;durement;ADV;NA;NA;NA;fablesB;s135751;2;1
durement;durement;ADV;NA;NA;NA;fablesC;s135975;2;1
durement;durement;ADV;NA;NA;NA;fablesC;s136006;2;1
durement;durement;ADV;NA;NA;NA;fablesC;s137297;6;1
durement;durement;ADV;NA;NA;NA;fablesC;s137808;4;1
durement;durement;ADV;NA;NA;NA;fablesC;s138247;2;1
durement;durement;ADV;NA;NA;NA;fablesC;s138488;5;1
durement;durement;ADV;NA;NA;NA;fablesC;s138658;5;1
durement;durement;ADV;NA;NA;NA;fablesC;s138792;4;1
durement;durement;ADV;NA;NA;NA;fablesE1;s139333;2;1
durement;durement;ADV;NA;NA;NA;fablesE1;s139438;2;1
durement;durement;ADV;NA;NA;NA;fablesE1;s140984;6;1
durement;durement;ADV;NA;NA;NA;fablesK;s141446;2;1
durement;durement;ADV;NA;NA;NA;fablesK;s142742;4;1
durement;durement;ADV;NA;NA;NA;fablesK;s143183;2;1
durement;durement;ADV;NA;NA;NA;fablesK;s143424;5;1
durement;durement;ADV;NA;NA;NA;fablesK;s143658;5;1
durement;durement;ADV;NA;NA;NA;fablesL;s144006;2;1
durement;durement;ADV;NA;NA;NA;fablesL;s145315;6;1
durement;durement;ADV;NA;NA;NA;fablesM;s146058;2;1
durement;durement;ADV;NA;NA;NA;fablesM;s146163;2;1
durement;durement;ADV;NA;NA;NA;fablesM;s147511;6;1
durement;durement;ADV;NA;NA;NA;fablesT;s147975;2;1
durement;durement;ADV;NA;NA;NA;fablesT;s148080;4;1
durement;durement;ADV;NA;NA;NA;fablesT;s148600;5;1
durement;durement;ADV;NA;NA;NA;fablesT;s150261;5;1
durement;durement;ADV;NA;NA;NA;fablesY;s150674;2;1
durement;durement;ADV;NA;NA;NA;fablesY;s150779;2;1
durement;durement;ADV;NA;NA;NA;fablesZ;s151842;2;1
durement;durement;ADV;NA;NA;NA;fablesZ;s151947;2;1
durement;durement;ADV;NA;NA;NA;flo;s158623;8;1
durement;durement;ADV;NA;NA;NA;flo;s158762;1;1
durement;durement;ADV;NA;NA;NA;flo;s159007;6;1
durement;durement;ADV;NA;NA;NA;flo;s159206;4;1
durement;durement;ADV;NA;NA;NA;gepa;s161049;3;1
durement;durement;ADV;NA;NA;NA;gepa;s161161;8;1
durement;durement;ADV;NA;NA;NA;gibv;s162972;5;1
durement;durement;ADV;NA;NA;NA;gibv;s162987;4;1
durement;durement;ADV;NA;NA;NA;gibv;s163119;6;1
durement;durement;ADV;NA;NA;NA;gir;s163563;4;1
durement;durement;ADV;NA;NA;NA;gir;s164054;2;1
durement;durement;ADV;NA;NA;NA;graal;s165610;4;1
durement;durement;ADV;NA;NA;NA;guigH;s170243;3;1
durement;durement;ADV;NA;NA;NA;guigP;s171118;3;1
durement;durement;ADV;NA;NA;NA;guigS;s171756;4;1
durement;durement;ADV;NA;NA;NA;guigS;s171971;3;1
durement;durement;ADV;NA;NA;NA;guil;s172594;3;1
durement;durement;ADV;NA;NA;NA;guil;s172677;2;1
durement;durement;ADV;NA;NA;NA;guil;s173010;3;1
durement;durement;ADV;NA;NA;NA;helc;s175105;8;1
durement;durement;ADV;NA;NA;NA;herm;s175194;7;1
durement;durement;ADV;NA;NA;NA;herm;s175798;7;1
durement;durement;ADV;NA;NA;NA;herm;s175814;5;1
durement;durement;ADV;NA;NA;NA;herm;s175827;7;1
durement;durement;ADV;NA;NA;NA;herm;s176032;8;1
durement;durement;ADV;NA;NA;NA;herm;s176177;5;1
durement;durement;ADV;NA;NA;NA;herm;s176373;5;1
durement;durement;ADV;NA;NA;NA;herm;s176738;6;1
durement;durement;ADV;NA;NA;NA;herm;s177126;4;1
durement;durement;ADV;NA;NA;NA;hista;s178332;2;1
durement;durement;ADV;NA;NA;NA;hista;s178709;3;1
durement;durement;ADV;NA;NA;NA;hista;s178874;2;1
durement;durement;ADV;NA;NA;NA;hista;s178879;5;1
durement;durement;ADV;NA;NA;NA;hista;s178943;3;1
durement;durement;ADV;NA;NA;NA;hista;s179040;5;1
durement;durement;ADV;NA;NA;NA;hista;s179161;1;1
durement;durement;ADV;NA;NA;NA;hista;s180456;1;1
durement;durement;ADV;NA;NA;NA;hista;s181004;5;1
durement;durement;ADV;NA;NA;NA;hista;s181125;2;1
durement;durement;ADV;NA;NA;NA;hyla;s182914;5;1
durement;durement;ADV;NA;NA;NA;hyla;s183157;2;1
durement;durement;ADV;NA;NA;NA;ipo;s184926;1;1
durement;durement;ADV;NA;NA;NA;ipo;s185483;3;1
durement;durement;ADV;NA;NA;NA;ipo;s185603;4;1
durement;durement;ADV;NA;NA;NA;ipo;s185915;5;1
durement;durement;ADV;NA;NA;NA;ipo;s186190;2;1
durement;durement;ADV;NA;NA;NA;ipo;s186371;6;1
durement;durement;ADV;NA;NA;NA;ipo;s187135;2;1
durement;durement;ADV;NA;NA;NA;ipo;s187810;6;1
durement;durement;ADV;NA;NA;NA;ipo;s187873;4;1
durement;durement;ADV;NA;NA;NA;ipo;s188068;5;1
durement;durement;ADV;NA;NA;NA;ipo;s188311;5;1
durement;durement;ADV;NA;NA;NA;ipo;s188343;5;1
durement;durement;ADV;NA;NA;NA;ipo;s188375;2;1
durement;durement;ADV;NA;NA;NA;jaco;s195723;1;1
durement;durement;ADV;NA;NA;NA;jaco;s196076;1;1
durement;durement;ADV;NA;NA;NA;juise2;s201878;6;1
durement;durement;ADV;NA;NA;NA;lac;s202476;0;1
durement;durement;ADV;NA;NA;NA;lac;s202498;6;1
durement;durement;ADV;NA;NA;NA;lac;s202500;2;1
durement;durement;ADV;NA;NA;NA;lac;s202563;7;1
durement;durement;ADV;NA;NA;NA;lac;s202568;7;1
durement;durement;ADV;NA;NA;NA;lac;s202580;6;1
durement;durement;ADV;NA;NA;NA;lac;s202595;0;1
durement;durement;ADV;NA;NA;NA;lac;s202614;9;1
durement;durement;ADV;NA;NA;NA;lac;s202639;2;1
durement;durement;ADV;NA;NA;NA;lac;s202641;1;1
durement;durement;ADV;NA;NA;NA;lanc;s202725;3;1
durement;durement;ADV;NA;NA;NA;lanc;s202725;5;1
durement;durement;ADV;NA;NA;NA;lanc;s202726;0;1
durement;durement;ADV;NA;NA;NA;lanc;s202736;6;1
durement;durement;ADV;NA;NA;NA;lanc;s202802;4;1
durement;durement;ADV;NA;NA;NA;lanc;s202919;3;1
durement;durement;ADV;NA;NA;NA;lanc;s202924;6;1
durement;durement;ADV;NA;NA;NA;lanc;s202930;1;1
durement;durement;ADV;NA;NA;NA;lancpr;s203041;8;1
durement;durement;ADV;NA;NA;NA;lancpr;s203144;9;1
durement;durement;ADV;NA;NA;NA;lancpr;s203165;2;1
durement;durement;ADV;NA;NA;NA;lancpr;s203221;8;1
durement;durement;ADV;NA;NA;NA;lancpr;s203230;7;1
durement;durement;ADV;NA;NA;NA;lancpr;s203239;3;1
durement;durement;ADV;NA;NA;NA;lancpr;s203254;0;1
durement;durement;ADV;NA;NA;NA;lancpr;s203255;0;1
durement;durement;ADV;NA;NA;NA;lancpr;s203260;5;1
durement;durement;ADV;NA;NA;NA;lancpr;s203272;3;1
durement;durement;ADV;NA;NA;NA;lancpr;s203299;2;1
durement;durement;ADV;NA;NA;NA;lancpr;s203301;1;1
durement;durement;ADV;NA;NA;NA;lanvalC;s203783;5;1
durement;durement;ADV;NA;NA;NA;lanvalH;s204431;5;1
durement;durement;ADV;NA;NA;NA;lanvalP;s205076;5;1
durement;durement;ADV;NA;NA;NA;lanvalS;s205708;5;1
durement;durement;ADV;NA;NA;NA;laustH;s206021;1;1
durement;durement;ADV;NA;NA;NA;lin;s207173;1;1
durement;durement;ADV;NA;NA;NA;lin;s207188;1;1
durement;durement;ADV;NA;NA;NA;lin;s207963;2;1
durement;durement;ADV;NA;NA;NA;loys;s212791;2;1
durement;durement;ADV;NA;NA;NA;loys;s213263;8;1
durement;durement;ADV;NA;NA;NA;loys;s213352;3;1
durement;durement;ADV;NA;NA;NA;loys;s213390;6;1
durement;durement;ADV;NA;NA;NA;loys;s213895;4;1
durement;durement;ADV;NA;NA;NA;mace;s215751;4;1
durement;durement;ADV;NA;NA;NA;mace;s216171;4;1
durement;durement;ADV;NA;NA;NA;mace;s216326;2;1
durement;durement;ADV;NA;NA;NA;mace;s217801;3;1
durement;durement;ADV;NA;NA;NA;martin1;s224520;5;1
durement;durement;ADV;NA;NA;NA;martin2;s224729;2;1
durement;durement;ADV;NA;NA;NA;martin2;s224944;4;1
durement;durement;ADV;NA;NA;NA;martin2;s225368;5;1
durement;durement;ADV;NA;NA;NA;martin2;s225370;2;1
durement;durement;ADV;NA;NA;NA;martin2;s225495;5;1
durement;durement;ADV;NA;NA;NA;martin2;s225600;3;1
durement;durement;ADV;NA;NA;NA;martin2;s225838;5;1
durement;durement;ADV;NA;NA;NA;martin2;s225884;5;1
durement;durement;ADV;NA;NA;NA;martin3;s227297;4;1
durement;durement;ADV;NA;NA;NA;martin3;s227996;3;1
durement;durement;ADV;NA;NA;NA;martin3;s228189;2;1
durement;durement;ADV;NA;NA;NA;martin3;s228382;2;1
durement;durement;ADV;NA;NA;NA;martin3;s228920;6;1
durement;durement;ADV;NA;NA;NA;merlin;s230430;1;1
durement;durement;ADV;NA;NA;NA;merlin;s230881;1;1
durement;durement;ADV;NA;NA;NA;merlin;s231367;6;1
durement;durement;ADV;NA;NA;NA;merm;s232279;2;1
durement;durement;ADV;NA;NA;NA;meun;s235776;4;1
durement;durement;ADV;NA;NA;NA;meun;s235793;2;1
durement;durement;ADV;NA;NA;NA;milonS;s237705;5;1
durement;durement;ADV;NA;NA;NA;milunH;s238234;5;1
durement;durement;ADV;NA;NA;NA;mir;s238416;4;1
durement;durement;ADV;NA;NA;NA;mir;s238427;2;1
durement;durement;ADV;NA;NA;NA;mir;s238483;3;1
durement;durement;ADV;NA;NA;NA;mir;s238542;4;1
durement;durement;ADV;NA;NA;NA;mir;s238790;2;1
durement;durement;ADV;NA;NA;NA;mir;s238791;2;1
durement;durement;ADV;NA;NA;NA;mir;s239134;4;1
durement;durement;ADV;NA;NA;NA;mir;s239320;5;1
durement;durement;ADV;NA;NA;NA;mir;s239340;3;1
durement;durement;ADV;NA;NA;NA;mir;s239419;4;1
durement;durement;ADV;NA;NA;NA;mir;s239442;2;1
durement;durement;ADV;NA;NA;NA;mir;s239450;5;1
durement;durement;ADV;NA;NA;NA;mir;s239483;6;1
durement;durement;ADV;NA;NA;NA;mir;s239568;5;1
durement;durement;ADV;NA;NA;NA;mir;s239713;1;1
durement;durement;ADV;NA;NA;NA;mir;s239718;2;1
durement;durement;ADV;NA;NA;NA;mir;s240066;2;1
durement;durement;ADV;NA;NA;NA;mir;s240067;2;1
durement;durement;ADV;NA;NA;NA;mir;s240095;5;1
durement;durement;ADV;NA;NA;NA;moral2;s246996;5;1
durement;durement;ADV;NA;NA;NA;moral;s243360;7;1
durement;durement;ADV;NA;NA;NA;mortartu;s247092;3;1
durement;durement;ADV;NA;NA;NA;mortartu;s247099;7;1
durement;durement;ADV;NA;NA;NA;mortartu;s247198;5;1
durement;durement;ADV;NA;NA;NA;mortartu;s247259;6;1
durement;durement;ADV;NA;NA;NA;mortartu;s247263;5;1
durement;durement;ADV;NA;NA;NA;mortartu;s247272;9;1
durement;durement;ADV;NA;NA;NA;mortartu;s247272;7;1
durement;durement;ADV;NA;NA;NA;mortartu;s247275;5;1
durement;durement;ADV;NA;NA;NA;mortartu;s247283;9;1
durement;durement;ADV;NA;NA;NA;mortartu;s247284;9;1
durement;durement;ADV;NA;NA;NA;mortartu;s247296;9;1
durement;durement;ADV;NA;NA;NA;mortartu;s247305;4;1
durement;durement;ADV;NA;NA;NA;mortartu;s247322;5;1
durement;durement;ADV;NA;NA;NA;mortartu;s247328;1;1
durement;durement;ADV;NA;NA;NA;mortartu;s247344;0;1
durement;durement;ADV;NA;NA;NA;mortartu;s247373;9;1
durement;durement;ADV;NA;NA;NA;mortartu;s247579;3;1
durement;durement;ADV;NA;NA;NA;mortartu;s247592;3;1
durement;durement;ADV;NA;NA;NA;mortartu;s247595;1;1
durement;durement;ADV;NA;NA;NA;mous;s247696;3;1
durement;durement;ADV;NA;NA;NA;mous;s249349;4;1
durement;durement;ADV;NA;NA;NA;mous;s249569;2;1
durement;durement;ADV;NA;NA;NA;mous;s249878;5;1
durement;durement;ADV;NA;NA;NA;mous;s249970;3;1
durement;durement;ADV;NA;NA;NA;mous;s250103;2;1
durement;durement;ADV;NA;NA;NA;mule;s250599;3;1
durement;durement;ADV;NA;NA;NA;mule;s250999;3;1
durement;durement;ADV;NA;NA;NA;mule;s251365;1;1
durement;durement;ADV;NA;NA;NA;narcA;s253143;2;1
durement;durement;ADV;NA;NA;NA;narcB;s254073;2;1
durement;durement;ADV;NA;NA;NA;ndchar;s256828;3;1
durement;durement;ADV;NA;NA;NA;ndchar;s257368;2;1
durement;durement;ADV;NA;NA;NA;ndchar;s258414;1;1
durement;durement;ADV;NA;NA;NA;ndchar;s259606;3;1
durement;durement;ADV;NA;NA;NA;ndchar;s260856;2;1
durement;durement;ADV;NA;NA;NA;ndchar;s261125;2;1
durement;durement;ADV;NA;NA;NA;ndchar;s261888;3;1
durement;durement;ADV;NA;NA;NA;ndchar;s262310;2;1
durement;durement;ADV;NA;NA;NA;ndchar;s262626;2;1
durement;durement;ADV;NA;NA;NA;nicb;s265424;5;1
durement;durement;ADV;NA;NA;NA;nimb1;s273984;3;1
durement;durement;ADV;NA;NA;NA;nimb2;s275534;5;1
durement;durement;ADV;NA;NA;NA;nimc;s276588;5;1
durement;durement;ADV;NA;NA;NA;nimc;s276845;4;1
durement;durement;ADV;NA;NA;NA;nimc;s276908;5;1
durement;durement;ADV;NA;NA;NA;nimc;s276920;6;1
durement;durement;ADV;NA;NA;NA;nimc;s277078;4;1
durement;durement;ADV;NA;NA;NA;nimd;s278869;5;1
durement;durement;ADV;NA;NA;NA;nouvel;s280989;3;1
durement;durement;ADV;NA;NA;NA;oct;s282753;2;1
durement;durement;ADV;NA;NA;NA;oct;s283216;3;1
durement;durement;ADV;NA;NA;NA;ombre;s283614;3;1
durement;durement;ADV;NA;NA;NA;ombre;s283785;6;1
durement;durement;ADV;NA;NA;NA;ombre;s284243;5;1
durement;durement;ADV;NA;NA;NA;orso;s285834;5;1
durement;durement;ADV;NA;NA;NA;orso;s286474;6;1
durement;durement;ADV;NA;NA;NA;orso;s287229;5;1
durement;durement;ADV;NA;NA;NA;orso;s287355;6;1
durement;durement;ADV;NA;NA;NA;papgreg2;s290340;3;1
durement;durement;ADV;NA;NA;NA;papgreg2;s290675;4;1
durement;durement;ADV;NA;NA;NA;pen;s291285;5;1
durement;durement;ADV;NA;NA;NA;pen;s291623;1;1
durement;durement;ADV;NA;NA;NA;pera;s292387;2;1
durement;durement;ADV;NA;NA;NA;perc;s295690;2;1
durement;durement;ADV;NA;NA;NA;perc;s295758;2;1
durement;durement;ADV;NA;NA;NA;perc;s295894;4;1
durement;durement;ADV;NA;NA;NA;perc;s296176;2;1
durement;durement;ADV;NA;NA;NA;perc;s296391;1;1
durement;durement;ADV;NA;NA;NA;perc;s296508;2;1
durement;durement;ADV;NA;NA;NA;perc;s296600;2;1
durement;durement;ADV;NA;NA;NA;perc;s296608;4;1
durement;durement;ADV;NA;NA;NA;perc;s296788;2;1
durement;durement;ADV;NA;NA;NA;percevalb;s303077;3;1
durement;durement;ADV;NA;NA;NA;percevalb;s304364;5;1
durement;durement;ADV;NA;NA;NA;percevalb;s304468;5;1
durement;durement;ADV;NA;NA;NA;perl;s310477;3;1
durement;durement;ADV;NA;NA;NA;perl;s310564;2;1
durement;durement;ADV;NA;NA;NA;pert;s321999;2;1
durement;durement;ADV;NA;NA;NA;plainte;s325264;4;1
durement;durement;ADV;NA;NA;NA;poit;s326360;1;1
durement;durement;ADV;NA;NA;NA;poit;s327812;2;1
durement;durement;ADV;NA;NA;NA;poit;s328239;3;1
durement;durement;ADV;NA;NA;NA;poit;s329010;3;1
durement;durement;ADV;NA;NA;NA;pon1;s330561;3;1
durement;durement;ADV;NA;NA;NA;pon1;s330569;3;1
durement;durement;ADV;NA;NA;NA;queste;s337804;9;1
durement;durement;ADV;NA;NA;NA;queste;s337813;2;1
durement;durement;ADV;NA;NA;NA;queste;s337853;1;1
durement;durement;ADV;NA;NA;NA;queste;s337934;5;1
durement;durement;ADV;NA;NA;NA;queste;s338063;6;1
durement;durement;ADV;NA;NA;NA;queste;s338084;9;1
durement;durement;ADV;NA;NA;NA;queste;s338095;9;1
durement;durement;ADV;NA;NA;NA;queste;s338155;6;1
durement;durement;ADV;NA;NA;NA;raou;s340197;4;1
durement;durement;ADV;NA;NA;NA;raou;s340676;5;1
durement;durement;ADV;NA;NA;NA;raou;s340716;8;1
durement;durement;ADV;NA;NA;NA;reis;s342018;0;1
durement;durement;ADV;NA;NA;NA;reis;s342620;1;1
durement;durement;ADV;NA;NA;NA;reis;s343318;4;1
durement;durement;ADV;NA;NA;NA;remi;s349127;2;1
durement;durement;ADV;NA;NA;NA;remi;s349280;2;1
durement;durement;ADV;NA;NA;NA;remi;s350696;2;1
durement;durement;ADV;NA;NA;NA;ren2;s351765;2;1
durement;durement;ADV;NA;NA;NA;ren2;s351859;3;1
durement;durement;ADV;NA;NA;NA;ren2;s352868;3;1
durement;durement;ADV;NA;NA;NA;ren2;s353111;2;1
durement;durement;ADV;NA;NA;NA;robert;s354111;4;1
durement;durement;ADV;NA;NA;NA;robert;s354294;2;1
durement;durement;ADV;NA;NA;NA;rolandox;s357123;6;1
durement;durement;ADV;NA;NA;NA;rolandox;s357323;1;1
durement;durement;ADV;NA;NA;NA;rolandox;s357727;5;1
durement;durement;ADV;NA;NA;NA;rolandox;s358216;7;1
durement;durement;ADV;NA;NA;NA;roma;s359740;2;1
durement;durement;ADV;NA;NA;NA;roma;s360266;3;1
durement;durement;ADV;NA;NA;NA;romb;s360741;3;1
durement;durement;ADV;NA;NA;NA;romb;s361149;2;1
durement;durement;ADV;NA;NA;NA;romb;s361665;3;1
durement;durement;ADV;NA;NA;NA;romb;s361751;3;1
durement;durement;ADV;NA;NA;NA;rombriv;s362483;3;1
durement;durement;ADV;NA;NA;NA;rombriv;s362589;5;1
durement;durement;ADV;NA;NA;NA;romc;s363648;2;1
durement;durement;ADV;NA;NA;NA;romc;s363880;2;1
durement;durement;ADV;NA;NA;NA;romc;s364180;3;1
durement;durement;ADV;NA;NA;NA;romc;s364422;3;1
durement;durement;ADV;NA;NA;NA;romc;s364536;2;1
durement;durement;ADV;NA;NA;NA;romc;s364824;2;1
durement;durement;ADV;NA;NA;NA;romc;s364863;2;1
durement;durement;ADV;NA;NA;NA;romd;s365476;2;1
durement;durement;ADV;NA;NA;NA;romd;s365566;2;1
durement;durement;ADV;NA;NA;NA;romd;s365769;4;1
durement;durement;ADV;NA;NA;NA;romd;s366000;3;1
durement;durement;ADV;NA;NA;NA;romd;s366118;2;1
durement;durement;ADV;NA;NA;NA;rome;s366659;3;1
durement;durement;ADV;NA;NA;NA;rome;s367057;2;1
durement;durement;ADV;NA;NA;NA;rome;s367575;3;1
durement;durement;ADV;NA;NA;NA;rome;s367693;2;1
durement;durement;ADV;NA;NA;NA;romh;s368577;2;1
durement;durement;ADV;NA;NA;NA;romh;s368801;2;1
durement;durement;ADV;NA;NA;NA;romh;s369043;3;1
durement;durement;ADV;NA;NA;NA;romh;s369263;3;1
durement;durement;ADV;NA;NA;NA;romh;s369295;3;1
durement;durement;ADV;NA;NA;NA;romh;s369375;2;1
durement;durement;ADV;NA;NA;NA;romh;s369442;4;1
durement;durement;ADV;NA;NA;NA;romh;s369536;4;1
durement;durement;ADV;NA;NA;NA;romh;s369633;2;1
durement;durement;ADV;NA;NA;NA;romh;s369670;2;1
durement;durement;ADV;NA;NA;NA;romi;s369859;1;1
durement;durement;ADV;NA;NA;NA;romi;s370079;3;1
durement;durement;ADV;NA;NA;NA;romi;s370265;3;1
durement;durement;ADV;NA;NA;NA;romi;s370345;2;1
durement;durement;ADV;NA;NA;NA;romi;s370382;2;1
durement;durement;ADV;NA;NA;NA;romi;s370468;2;1
durement;durement;ADV;NA;NA;NA;romi;s370508;1;1
durement;durement;ADV;NA;NA;NA;romi;s370607;2;1
durement;durement;ADV;NA;NA;NA;romi;s370644;2;1
durement;durement;ADV;NA;NA;NA;romk;s370857;3;1
durement;durement;ADV;NA;NA;NA;romk;s371263;2;1
durement;durement;ADV;NA;NA;NA;romk;s371769;3;1
durement;durement;ADV;NA;NA;NA;romk;s371854;2;1
durement;durement;ADV;NA;NA;NA;roml;s372758;2;1
durement;durement;ADV;NA;NA;NA;romm;s374261;2;1
durement;durement;ADV;NA;NA;NA;romm;s374493;2;1
durement;durement;ADV;NA;NA;NA;romm;s374792;3;1
durement;durement;ADV;NA;NA;NA;romm;s375034;3;1
durement;durement;ADV;NA;NA;NA;romm;s375148;2;1
durement;durement;ADV;NA;NA;NA;romm;s375436;2;1
durement;durement;ADV;NA;NA;NA;romm;s375475;2;1
durement;durement;ADV;NA;NA;NA;romo;s375683;3;1
durement;durement;ADV;NA;NA;NA;romo;s376606;3;1
durement;durement;ADV;NA;NA;NA;romo;s376626;2;1
durement;durement;ADV;NA;NA;NA;romo;s376694;3;1
durement;durement;ADV;NA;NA;NA;romo;s377031;5;1
durement;durement;ADV;NA;NA;NA;rose;s377132;5;1
durement;durement;ADV;NA;NA;NA;rose;s377273;6;1
durement;durement;ADV;NA;NA;NA;rose;s377433;2;1
durement;durement;ADV;NA;NA;NA;rose;s377532;2;1
durement;durement;ADV;NA;NA;NA;rose;s377710;2;1
durement;durement;ADV;NA;NA;NA;rose;s377921;2;1
durement;durement;ADV;NA;NA;NA;rose;s378151;1;1
durement;durement;ADV;NA;NA;NA;rose;s378852;2;1
durement;durement;ADV;NA;NA;NA;rose;s379188;3;1
durement;durement;ADV;NA;NA;NA;rose;s379590;1;1
durement;durement;ADV;NA;NA;NA;rose;s379903;4;1
durement;durement;ADV;NA;NA;NA;rose;s379941;3;1
durement;durement;ADV;NA;NA;NA;rose;s380066;5;1
durement;durement;ADV;NA;NA;NA;rose;s380109;2;1
durement;durement;ADV;NA;NA;NA;rose;s380427;2;1
durement;durement;ADV;NA;NA;NA;rose;s380478;5;1
durement;durement;ADV;NA;NA;NA;rose;s380859;3;1
durement;durement;ADV;NA;NA;NA;rose;s381091;2;1
durement;durement;ADV;NA;NA;NA;rou2;s381999;3;1
durement;durement;ADV;NA;NA;NA;sage;s386590;3;1
durement;durement;ADV;NA;NA;NA;sage;s386991;3;1
durement;durement;ADV;NA;NA;NA;sage;s387803;1;1
durement;durement;ADV;NA;NA;NA;sept;s391696;2;1
durement;durement;ADV;NA;NA;NA;sergbH;s392107;6;1
durement;durement;ADV;NA;NA;NA;sergbH;s392511;8;1
durement;durement;ADV;NA;NA;NA;sergbH;s392675;4;1
durement;durement;ADV;NA;NA;NA;songe;s393975;6;1
durement;durement;ADV;NA;NA;NA;songe;s394001;1;1
durement;durement;ADV;NA;NA;NA;songe;s394064;6;1
durement;durement;ADV;NA;NA;NA;songe;s394151;4;1
durement;durement;ADV;NA;NA;NA;songe;s394153;2;1
durement;durement;ADV;NA;NA;NA;songe;s394382;2;1
durement;durement;ADV;NA;NA;NA;songe;s394396;6;1
durement;durement;ADV;NA;NA;NA;sully2;s397614;3;1
durement;durement;ADV;NA;NA;NA;sully2;s398683;2;1
durement;durement;ADV;NA;NA;NA;sully2;s399507;1;1
durement;durement;ADV;NA;NA;NA;sully2;s399888;1;1
durement;durement;ADV;NA;NA;NA;sully2;s399893;6;1
durement;durement;ADV;NA;NA;NA;thibo;s403770;6;1
durement;durement;ADV;NA;NA;NA;thibo;s403803;5;1
durement;durement;ADV;NA;NA;NA;thibo;s404511;7;1
durement;durement;ADV;NA;NA;NA;troi;s407359;6;1
durement;durement;ADV;NA;NA;NA;troi;s407900;5;1
durement;durement;ADV;NA;NA;NA;vache;s410188;4;1
durement;durement;ADV;NA;NA;NA;vache;s410345;5;1
durement;durement;ADV;NA;NA;NA;vache;s410782;4;1
durement;durement;ADV;NA;NA;NA;vache;s411399;6;1
durement;durement;ADV;NA;NA;NA;vache;s411753;5;1
durement;durement;ADV;NA;NA;NA;vache;s411858;4;1
durement;durement;ADV;NA;NA;NA;vache;s413121;5;1
durement;durement;ADV;NA;NA;NA;vcou;s413181;6;1
durement;durement;ADV;NA;NA;NA;vilea;s426162;6;1
durement;durement;ADV;NA;NA;NA;vilhar;s427395;0;1
durement;durement;ADV;NA;NA;NA;vilhar;s427398;2;1
durement;durement;ADV;NA;NA;NA;vilhar;s427429;6;1
durement;durement;ADV;NA;NA;NA;vilhar;s427691;0;1
durement;durement;ADV;NA;NA;NA;vilhar;s427797;1;1
durement;durement;ADV;NA;NA;NA;vilhar;s428204;4;1
durement;durement;ADV;NA;NA;NA;vilhar;s428303;7;1
durement;durement;ADV;NA;NA;NA;vilhar;s428319;7;1
durement;durement;ADV;NA;NA;NA;vilhar;s428559;3;1
durement;durement;ADV;NA;NA;NA;vilhar;s428834;1;1
durement;durement;ADV;NA;NA;NA;wita;s429861;5;1
durement;durement;ADV;NA;NA;NA;wita;s430047;1;1
durement;durement;ADV;NA;NA;NA;yva;s433007;3;1
durement;durement;ADV;NA;NA;NA;yvh;s435829;2;1
durement;durement;ADV;NA;NA;NA;yvs;s437715;2;1
durement;durement;NOM;obj;masc;sg;ipo;s190522;5;1
durement;durement;NOM;obj;masc;sg;ipo;s190693;2;1
durement;durement;NOM;obj;masc;sg;ipo;s190923;5;1
durement;durement;NOM;obj;masc;sg;ipo;s191583;2;1
durement;durement;NOM;obj;masc;sg;ipo;s191879;5;1
durement;durement;NOM;obj;masc;sg;ipo;s192020;2;1
durement;durement;NOM;obj;masc;sg;ipo;s192045;5;1
durement;durement;NOM;obj;masc;sg;ipo;s192355;6;1
esperons;esperon;NOM;obj;masc;pl;aiol;s7396;2;1
esperons;esperon;NOM;obj;masc;pl;aiol;s7656;2;1
esperons;esperon;NOM;obj;masc;pl;alia;s9165;2;1
esperons;esperon;NOM;obj;masc;pl;amad;s12192;3;1
esperons;esperon;NOM;obj;masc;pl;amad;s12210;6;1
esperons;esperon;NOM;obj;masc;pl;amile;s12529;5;1
esperons;esperon;NOM;obj;masc;pl;amile;s12531;8;1
esperons;esperon;NOM;obj;masc;pl;amile;s12562;5;1
esperons;esperon;NOM;obj;masc;pl;arr;s22680;1;1
esperons;esperon;NOM;obj;masc;pl;athi;s26666;2;1
esperons;esperon;NOM;obj;masc;pl;athi;s27449;3;1
esperons;esperon;NOM;obj;masc;pl;auc;s28413;3;1
esperons;esperon;NOM;obj;masc;pl;aye;s29338;6;1
esperons;esperon;NOM;obj;masc;pl;aye;s29396;8;1
esperons;esperon;NOM;obj;masc;pl;barril;s33207;3;1
esperons;esperon;NOM;obj;masc;pl;barril;s33220;4;1
esperons;esperon;NOM;obj;masc;pl;barril;s33433;2;1
esperons;esperon;NOM;obj;masc;pl;bern2;s42732;2;1
esperons;esperon;NOM;obj;masc;pl;cambrai;s53283;6;1
esperons;esperon;NOM;obj;masc;pl;carp;s56264;4;1
esperons;esperon;NOM;obj;masc;pl;cass;s58423;4;1
esperons;esperon;NOM;obj;masc;pl;chauvency;s62349;2;1
esperons;esperon;NOM;obj;masc;pl;chauvency;s62456;2;1
esperons;esperon;NOM;obj;masc;pl;chauvency;s62734;6;1
esperons;esperon;NOM;obj;masc;pl;chauvency;s63258;5;1
esperons;esperon;NOM;obj;masc;pl;chauvency;s63624;5;1
esperons;esperon;NOM;obj;masc;pl;chauvency;s63838;2;1
esperons;esperon;NOM;obj;masc;pl;chret1;s65111;4;1
esperons;esperon;NOM;obj;masc;pl;chret1;s65495;3;1
esperons;esperon;NOM;obj;masc;pl;chret1;s65584;8;1
esperons;esperon;NOM;obj;masc;pl;chret2;s66707;5;1
esperons;esperon;NOM;obj;masc;pl;chret2;s68180;2;1
esperons;esperon;NOM;obj;masc;pl;clari2;s71281;9;1
esperons;esperon;NOM;obj;masc;pl;clari2;s71480;4;1
esperons;esperon;NOM;obj;masc;pl;clari2;s71777;9;1
esperons;esperon;NOM;obj;masc;pl;clef;s72508;3;1
esperons;esperon;NOM;obj;masc;pl;clef;s74177;4;1
esperons;esperon;NOM;obj;masc;pl;cleom;s76293;4;1
esperons;esperon;NOM;obj;masc;pl;cleom;s76306;2;1
esperons;esperon;NOM;obj;masc;pl;cleom;s76554;2;1
esperons;esperon;NOM;obj;masc;pl;contro;s85863;4;1
esperons;esperon;NOM;obj;masc;pl;contro;s86534;4;1
esperons;esperon;NOM;obj;masc;pl;contro;s88402;2;1
esperons;esperon;NOM;obj;masc;pl;cordres;s88667;5;1
esperons;esperon;NOM;obj;masc;pl;cordres;s88822;5;1
esperons;esperon;NOM;obj;masc;pl;cordres;s88835;5;1
esperons;esperon;NOM;obj;masc;pl;elie;s104496;7;1
esperons;esperon;NOM;obj;masc;pl;elie;s104582;2;1
esperons;esperon;NOM;obj;masc;pl;elie;s104826;6;1
esperons;esperon;NOM;obj;masc;pl;elie;s105077;6;1
esperons;esperon;NOM;obj;masc;pl;elie;s106388;6;1
esperons;esperon;NOM;obj;masc;pl;elie;s106442;6;1
esperons;esperon;NOM;obj;masc;pl;elie;s106447;6;1
esperons;esperon;NOM;obj;masc;pl;epee;s110081;2;1
esperons;esperon;NOM;obj;masc;pl;epee;s110270;4;1
esperons;esperon;NOM;obj;masc;pl;fabj;s128287;3;1
esperons;esperon;NOM;obj;masc;pl;floov;s159550;7;1
esperons;esperon;NOM;obj;masc;pl;gir;s164194;5;1
esperons;esperon;NOM;obj;masc;pl;guib;s169620;5;1
esperons;esperon;NOM;obj;masc;pl;guib;s169661;5;1
esperons;esperon;NOM;obj;masc;pl;helc;s174814;9;1
esperons;esperon;NOM;obj;masc;pl;hista;s179204;2;1
esperons;esperon;NOM;obj;masc;pl;hyla;s183469;2;1
esperons;esperon;NOM;obj;masc;pl;joinv;s197871;4;1
esperons;esperon;NOM;obj;masc;pl;joinv;s197885;3;1
esperons;esperon;NOM;obj;masc;pl;jouf;s199856;2;1
esperons;esperon;NOM;obj;masc;pl;lac;s202362;5;1
esperons;esperon;NOM;obj;masc;pl;lanc;s202725;7;1
esperons;esperon;NOM;obj;masc;pl;lanc;s202864;8;1
esperons;esperon;NOM;obj;masc;pl;livre;s211084;2;1
esperons;esperon;NOM;obj;masc;pl;mace;s216345;3;1
esperons;esperon;NOM;obj;masc;pl;meun;s233468;4;1
esperons;esperon;NOM;obj;masc;pl;mir;s238854;3;1
esperons;esperon;NOM;obj;masc;pl;mous;s249698;4;1
esperons;esperon;NOM;obj;masc;pl;ndchar;s260278;2;1
esperons;esperon;NOM;obj;masc;pl;neele;s262977;2;1
esperons;esperon;NOM;obj;masc;pl;nouvel;s279338;3;1
esperons;esperon;NOM;obj;masc;pl;nouvel;s279652;5;1
esperons;esperon;NOM;obj;masc;pl;nouvel;s279694;5;1
esperons;esperon;NOM;obj;masc;pl;nouvel;s281474;5;1
esperons;esperon;NOM;obj;masc;pl;ombre;s283822;2;1
esperons;esperon;NOM;obj;masc;pl;pap;s288760;6;1
esperons;esperon;NOM;obj;masc;pl;pera;s293053;2;1
esperons;esperon;NOM;obj;masc;pl;perb;s294755;2;1
esperons;esperon;NOM;obj;masc;pl;perb;s295002;2;1
esperons;esperon;NOM;obj;masc;pl;percevalb;s298237;2;1
esperons;esperon;NOM;obj;masc;pl;percevalb;s298484;2;1
esperons;esperon;NOM;obj;masc;pl;percevalb;s301346;4;1
esperons;esperon;NOM;obj;masc;pl;percevalb;s302808;5;1
esperons;esperon;NOM;obj;masc;pl;percevalb;s304197;4;1
esperons;esperon;NOM;obj;masc;pl;percevalb;s304221;2;1
esperons;esperon;NOM;obj;masc;pl;perf;s307012;2;1
esperons;esperon;NOM;obj;masc;pl;perf;s307262;2;1
esperons;esperon;NOM;obj;masc;pl;perh;s308972;2;1
esperons;esperon;NOM;obj;masc;pl;perh;s309224;2;1
esperons;esperon;NOM;obj;masc;pl;perl;s310978;2;1
esperons;esperon;NOM;obj;masc;pl;perl;s310988;3;1
esperons;esperon;NOM;obj;masc;pl;perl;s311221;2;1
esperons;esperon;NOM;obj;masc;pl;perm;s312928;2;1
esperons;esperon;NOM;obj;masc;pl;perm;s312938;3;1
esperons;esperon;NOM;obj;masc;pl;perm;s313177;2;1
esperons;esperon;NOM;obj;masc;pl;perq;s316967;2;1
esperons;esperon;NOM;obj;masc;pl;perq;s316977;3;1
esperons;esperon;NOM;obj;masc;pl;perr;s318602;2;1
esperons;esperon;NOM;obj;masc;pl;perr;s318841;2;1
esperons;esperon;NOM;obj;masc;pl;pers;s320700;2;1
esperons;esperon;NOM;obj;masc;pl;pert;s322417;2;1
esperons;esperon;NOM;obj;masc;pl;pert;s322427;3;1
esperons;esperon;NOM;obj;masc;pl;pert;s322665;2;1
esperons;esperon;NOM;obj;masc;pl;peru;s324409;3;1
esperons;esperon;NOM;obj;masc;pl;peru;s324412;2;1
esperons;esperon;NOM;obj;masc;pl;peru;s324646;2;1
esperons;esperon;NOM;obj;masc;pl;pon1;s330543;8;1
esperons;esperon;NOM;obj;masc;pl;pon1;s330559;2;1
esperons;esperon;NOM;obj;masc;pl;queste;s337597;7;1
esperons;esperon;NOM;obj;masc;pl;raou;s339805;5;1
esperons;esperon;NOM;obj;masc;pl;raou;s340270;7;1
esperons;esperon;NOM;obj;masc;pl;ren2;s352134;2;1
esperons;esperon;NOM;obj;masc;pl;rolandox;s358648;2;1
esperons;esperon;NOM;obj;masc;pl;sage;s386917;1;1
esperons;esperon;NOM;obj;masc;pl;sage;s388321;1;1
esperons;esperon;NOM;obj;masc;pl;sage;s388607;2;1
esperons;esperon;NOM;obj;masc;pl;thA;s401957;3;1
esperons;esperon;NOM;obj;masc;pl;thebefrag;s403295;3;1
esperons;esperon;NOM;obj;masc;pl;troi;s406399;4;1
esperons;esperon;NOM;obj;masc;pl;troi;s408227;1;1
esperons;esperon;NOM;obj;masc;pl;troi;s408444;5;1
esperons;esperon;NOM;obj;masc;pl;yva;s433270;5;1
esperons;esperon;NOM;obj;masc;pl;yvf;s434257;5;1
esperons;esperon;NOM;obj;masc;pl;yvg;s435200;2;1
esperons;esperon;NOM;obj;masc;pl;yvg;s435243;5;1
esperons;esperon;NOM;obj;masc;pl;yvh;s436241;5;1
esperons;esperon;NOM;obj;masc;pl;yvp;s437228;5;1
esperons;esperon;NOM;obj;masc;pl;yvs;s438208;5;1
esperons;esperon;NOM;obj;masc;pl;yvv;s439122;5;1
esperons;esperon;NOM;suj;masc;pl;nimb2;s275599;2;1
esperrons;esperon;NOM;obj;masc;pl;pap;s288816;2;1
esperuns;esperon;NOM;obj;masc;pl;ipo;s187183;3;1
esperuns;esperon;NOM;obj;masc;pl;ipo;s192286;5;1
esperuns;esperon;NOM;obj;masc;pl;ipo;s192312;2;1
esperuns;esperon;NOM;obj;masc;pl;ipo;s193739;2;1
esperuns;esperon;NOM;obj;masc;pl;ipo;s194611;2;1
esperuns;esperon;NOM;obj;masc;pl;rolandox;s355656;1;1
esperuns;esperon;NOM;obj;masc;pl;rolandox;s356536;6;1
esperuns;esperon;NOM;obj;masc;pl;rolandox;s356556;5;1
esperuns;esperon;NOM;obj;masc;pl;rolandox;s356859;5;1
esperuns;esperon;NOM;obj;masc;pl;rolandox;s356883;6;1
esperuns;esperon;NOM;obj;masc;pl;rolandox;s356927;5;1
esperuns;esperon;NOM;obj;masc;pl;rolandox;s357047;5;1
esperuns;esperon;NOM;obj;masc;pl;rolandox;s357253;5;1
esperuns;esperon;NOM;obj;masc;pl;rolandox;s357437;5;1
esperuns;esperon;NOM;obj;masc;pl;rolandox;s358660;5;1
esperuns;esperon;NOM;obj;masc;pl;rolandox;s359168;2;1
esperuns;esperon;NOM;obj;masc;pl;rou3b;s383640;2;1
esperuns;esperon;NOM;obj;masc;sg;ipo;s187269;2;1
esporons;esperon;NOM;obj;masc;pl;baisieux;s30102;2;1
esporons;esperon;NOM;obj;masc;pl;lancpr;s203043;5;1
esporons;esperon;NOM;obj;masc;pl;moral2;s246020;1;1
esporons;esperon;NOM;obj;masc;pl;ndchar;s260307;3;1
esporons;esperon;NOM;obj;masc;pl;papgreg2;s290189;2;1
esporons;esperon;NOM;obj;masc;pl;papgreg2;s290190;1;1
esporons;esperon;NOM;obj;masc;pl;papgreg2;s290190;2;1
esporons;esperon;NOM;obj;masc;pl;perp;s314827;2;1
esporons;esperon;NOM;obj;masc;pl;perp;s314837;3;1
esporons;esperon;NOM;obj;masc;pl;perp;s315077;2;1
esporons;esperon;NOM;obj;masc;pl;plainte;s325480;2;1
esporuns;esperon;NOM;obj;masc;pl;rolandox;s358736;2;1
folemant;folement;ADV;NA;NA;NA;abreja;s2592;0;1
folemant;folement;ADV;NA;NA;NA;abreja;s2699;8;1
folemant;folement;ADV;NA;NA;NA;abreja;s2705;9;1
folemant;folement;ADV;NA;NA;NA;abreja;s2756;7;1
folemant;folement;ADV;NA;NA;NA;abreja;s2760;9;1
folemant;folement;ADV;NA;NA;NA;chret2;s67713;3;1
folemant;folement;ADV;NA;NA;NA;contre;s83619;2;1
folemant;folement;ADV;NA;NA;NA;contre;s84590;5;1
folemant;folement;ADV;NA;NA;NA;fabb;s125748;4;1
folemant;folement;ADV;NA;NA;NA;orso;s286244;0;1
folemant;folement;ADV;NA;NA;NA;orso;s286973;9;1
folemant;folement;ADV;NA;NA;NA;pera;s292586;3;1
folemant;folement;ADV;NA;NA;NA;perb;s294544;3;1
folemant;folement;ADV;NA;NA;NA;percevalb;s298025;3;1
folemant;folement;ADV;NA;NA;NA;yzop;s439445;4;1
folemant;folement;ADV;NA;NA;NA;yzop;s440224;3;1
folemant;folement;ADV;NA;NA;NA;yzop;s440915;2;1
folemant;folement;ADV;NA;NA;NA;yzop;s442638;4;1
folement;folement;ADV;NA;NA;NA;abe;s1434;3;1
folement;folement;ADV;NA;NA;NA;ailed;s4274;5;1
folement;folement;ADV;NA;NA;NA;aileg;s4800;5;1
folement;folement;ADV;NA;NA;NA;ailet;s5703;5;1
folement;folement;ADV;NA;NA;NA;amad;s11904;2;1
folement;folement;ADV;NA;NA;NA;amou;s16073;3;1
folement;folement;ADV;NA;NA;NA;artch;s23968;9;1
folement;folement;ADV;NA;NA;NA;athi;s24673;5;1
folement;folement;ADV;NA;NA;NA;beati;s34919;4;1
folement;folement;ADV;NA;NA;NA;besant;s43895;1;1
folement;folement;ADV;NA;NA;NA;best;s44665;5;1
folement;folement;ADV;NA;NA;NA;best;s47307;5;1
folement;folement;ADV;NA;NA;NA;best;s47327;4;1
folement;folement;ADV;NA;NA;NA;best;s47800;5;1
folement;folement;ADV;NA;NA;NA;carp;s56227;6;1
folement;folement;ADV;NA;NA;NA;chaitH;s58708;2;1
folement;folement;ADV;NA;NA;NA;chastoi;s60543;5;1
folement;folement;ADV;NA;NA;NA;chret1;s65428;1;1
folement;folement;ADV;NA;NA;NA;cleom;s75704;5;1
folement;folement;ADV;NA;NA;NA;cleom;s76132;2;1
folement;folement;ADV;NA;NA;NA;cordres;s88889;4;1
folement;folement;ADV;NA;NA;NA;cou;s90067;2;1
folement;folement;ADV;NA;NA;NA;edmund;s98315;1;1
folement;folement;ADV;NA;NA;NA;elid;s103250;1;1
folement;folement;ADV;NA;NA;NA;eustache;s113359;3;1
folement;folement;ADV;NA;NA;NA;evrat1;s115039;1;1
folement;folement;ADV;NA;NA;NA;faba;s122830;4;1
folement;folement;ADV;NA;NA;NA;faba;s123924;4;1
folement;folement;ADV;NA;NA;NA;fabd;s127067;4;1
folement;folement;ADV;NA;NA;NA;fablesA;s129900;4;1
folement;folement;ADV;NA;NA;NA;fablesB;s133908;4;1
folement;folement;ADV;NA;NA;NA;fablesC;s136231;4;1
folement;folement;ADV;NA;NA;NA;fablesE1;s139713;4;1
folement;folement;ADV;NA;NA;NA;fablesE1;s140247;7;1
folement;folement;ADV;NA;NA;NA;fablesL;s144286;4;1
folement;folement;ADV;NA;NA;NA;fablesM;s146438;4;1
folement;folement;ADV;NA;NA;NA;fablesT;s148386;4;1
folement;folement;ADV;NA;NA;NA;fablesY;s151054;4;1
folement;folement;ADV;NA;NA;NA;fablesZ;s152222;4;1
folement;folement;ADV;NA;NA;NA;fetrom;s154194;4;1
folement;folement;ADV;NA;NA;NA;gibv;s162971;5;1
folement;folement;ADV;NA;NA;NA;greg2;s168164;5;1
folement;folement;ADV;NA;NA;NA;greg2;s168232;4;1
folement;folement;ADV;NA;NA;NA;guil;s172380;5;1
folement;folement;ADV;NA;NA;NA;guil;s172650;2;1
folement;folement;ADV;NA;NA;NA;helc;s174681;3;1
folement;folement;ADV;NA;NA;NA;hista;s179778;3;1
folement;folement;ADV;NA;NA;NA;ipo;s185328;4;1
folement;folement;ADV;NA;NA;NA;ipo;s185685;4;1
folement;folement;ADV;NA;NA;NA;ipo;s188547;2;1
folement;folement;ADV;NA;NA;NA;ipo;s189243;3;1
folement;folement;ADV;NA;NA;NA;ipo;s191535;5;1
folement;folement;ADV;NA;NA;NA;ipo;s192335;5;1
folement;folement;ADV;NA;NA;NA;ipo;s192677;5;1
folement;folement;ADV;NA;NA;NA;ipo;s193073;7;1
folement;folement;ADV;NA;NA;NA;ipo;s193102;4;1
folement;folement;ADV;NA;NA;NA;jongl;s198628;2;1
folement;folement;ADV;NA;NA;NA;lin;s206838;1;1
folement;folement;ADV;NA;NA;NA;lin;s206895;1;1
folement;folement;ADV;NA;NA;NA;lin;s207782;1;1
folement;folement;ADV;NA;NA;NA;merlin;s230634;4;1
folement;folement;ADV;NA;NA;NA;merlin;s230674;3;1
folement;folement;ADV;NA;NA;NA;merlin;s231269;4;1
folement;folement;ADV;NA;NA;NA;mir;s239027;2;1
folement;folement;ADV;NA;NA;NA;moral2;s246486;3;1
folement;folement;ADV;NA;NA;NA;moral2;s246625;7;1
folement;folement;ADV;NA;NA;NA;moral;s245317;7;1
folement;folement;ADV;NA;NA;NA;mortartu;s247096;7;1
folement;folement;ADV;NA;NA;NA;ndchar;s262167;5;1
folement;folement;ADV;NA;NA;NA;oct;s283253;2;1
folement;folement;ADV;NA;NA;NA;ombre;s283966;2;1
folement;folement;ADV;NA;NA;NA;percevalb;s303710;5;1
folement;folement;ADV;NA;NA;NA;perf;s306794;3;1
folement;folement;ADV;NA;NA;NA;perh;s308753;3;1
folement;folement;ADV;NA;NA;NA;perl;s310761;3;1
folement;folement;ADV;NA;NA;NA;perp;s314612;3;1
folement;folement;ADV;NA;NA;NA;perq;s316750;3;1
folement;folement;ADV;NA;NA;NA;perr;s318390;3;1
folement;folement;ADV;NA;NA;NA;pert;s322198;3;1
folement;folement;ADV;NA;NA;NA;peru;s324175;3;1
folement;folement;ADV;NA;NA;NA;reis;s341473;4;1
folement;folement;ADV;NA;NA;NA;reis;s342522;5;1
folement;folement;ADV;NA;NA;NA;reis;s344373;1;1
folement;folement;ADV;NA;NA;NA;reis;s345627;2;1
folement;folement;ADV;NA;NA;NA;reis;s345916;1;1
folement;folement;ADV;NA;NA;NA;romo;s376777;4;1
folement;folement;ADV;NA;NA;NA;rose;s380053;4;1
folement;folement;ADV;NA;NA;NA;rose;s380566;5;1
folement;folement;ADV;NA;NA;NA;rose;s380946;3;1
folement;folement;ADV;NA;NA;NA;rose;s380964;6;1
folement;folement;ADV;NA;NA;NA;sergbH;s391738;1;1
folement;folement;ADV;NA;NA;NA;sergbH;s392517;9;1
folement;folement;ADV;NA;NA;NA;sergbH;s392885;5;1
folement;folement;ADV;NA;NA;NA;sergbO;s393663;1;1
folement;folement;ADV;NA;NA;NA;teo2;s401294;6;1
folement;folement;ADV;NA;NA;NA;teo2;s401695;2;1
folement;folement;ADV;NA;NA;NA;trib;s405188;5;1
folement;folement;ADV;NA;NA;NA;troifr;s408892;2;1
folement;folement;ADV;NA;NA;NA;vache;s411446;6;1
folement;folement;ADV;NA;NA;NA;vcou;s413199;8;1
folement;folement;ADV;NA;NA;NA;vilhar;s428302;9;1
folement;folement;ADV;NA;NA;NA;vilhar;s428962;3;1
folement;folement;ADV;NA;NA;NA;yva;s433253;5;1
folement;folement;ADV;NA;NA;NA;yvp;s437211;5;1
folement;folement;ADV;NA;NA;NA;yvs;s438191;5;1
folement;folement;ADV;NA;NA;NA;yvv;s439105;5;1
follemant;folement;ADV;NA;NA;NA;flo;s158688;7;1
follement;folement;ADV;NA;NA;NA;mace;s216809;2;1
follement;folement;ADV;NA;NA;NA;moral2;s246198;7;1
foulemant;folement;ADV;NA;NA;NA;barlaam;s32042;7;1
portera;porter;VER;futu;1;sg;fablesL;s144825;5;1
portera;porter;VER;futu;3;sg;bar;s30561;6;1
portera;porter;VER;futu;3;sg;best;s46253;5;1
portera;porter;VER;futu;3;sg;bodo;s48711;2;1
portera;porter;VER;futu;3;sg;cambrai;s53703;2;1
portera;porter;VER;futu;3;sg;chret1;s65525;5;1
portera;porter;VER;futu;3;sg;chret2;s68024;5;1
portera;porter;VER;futu;3;sg;clef;s73079;4;1
portera;porter;VER;futu;3;sg;clef;s75180;6;1
portera;porter;VER;futu;3;sg;edmond;s96821;2;1
portera;porter;VER;futu;3;sg;elid;s103735;4;1
portera;porter;VER;futu;3;sg;elid;s103753;6;1
portera;porter;VER;futu;3;sg;elie;s105269;2;1
portera;porter;VER;futu;3;sg;elie;s105830;1;1
portera;porter;VER;futu;3;sg;fab4f;s122412;3;1
portera;porter;VER;futu;3;sg;ipo;s186901;6;1
portera;porter;VER;futu;3;sg;mace;s218048;2;1
portera;porter;VER;futu;3;sg;mace;s218725;5;1
portera;porter;VER;futu;3;sg;myst;s252167;3;1
portera;porter;VER;futu;3;sg;myst;s252466;3;1
portera;porter;VER;futu;3;sg;myst;s252610;2;1
portera;porter;VER;futu;3;sg;nicb;s265391;3;1
portera;porter;VER;futu;3;sg;oct;s283295;7;1
portera;porter;VER;futu;3;sg;or;s284730;2;1
portera;porter;VER;futu;3;sg;orso;s285616;3;1
portera;porter;VER;futu;3;sg;pap;s289538;6;1
portera;porter;VER;futu;3;sg;pera;s292897;5;1
portera;porter;VER;futu;3;sg;perb;s294848;5;1
portera;porter;VER;futu;3;sg;percevalb;s298330;5;1
portera;porter;VER;futu;3;sg;percevalb;s302502;5;1
portera;porter;VER;futu;3;sg;percevalb;s303766;5;1
portera;porter;VER;futu;3;sg;perf;s307106;5;1
portera;porter;VER;futu;3;sg;perh;s309066;5;1
portera;porter;VER;futu;3;sg;perl;s311072;6;1
portera;porter;VER;futu;3;sg;perm;s313021;5;1
portera;porter;VER;futu;3;sg;perp;s314921;5;1
portera;porter;VER;futu;3;sg;perq;s317061;5;1
portera;porter;VER;futu;3;sg;perr;s318696;5;1
portera;porter;VER;futu;3;sg;pers;s320543;5;1
portera;porter;VER;futu;3;sg;pert;s322509;5;1
portera;porter;VER;futu;3;sg;peru;s324493;5;1
portera;porter;VER;futu;3;sg;poit;s329441;5;1
portera;porter;VER;futu;3;sg;queste;s337802;8;1
portera;porter;VER;futu;3;sg;reis;s341293;0;1
portera;porter;VER;futu;3;sg;ren2;s353645;5;1
portera;porter;VER;futu;3;sg;rolandox;s356241;5;1
portera;porter;VER;futu;3;sg;thibo;s403566;9;1
portera;porter;VER;futu;3;sg;troi;s407019;4;1
portera;porter;VER;futu;3;sg;vache;s410514;3;1
porterad;porter;VER;futu;3;sg;reis;s344304;3;1
porterad;porter;VER;futu;3;sg;reis;s346065;4;1
porterai;porter;VER;futu;1;sg;alexo;s8664;7;1
porterai;porter;VER;futu;1;sg;atre;s27695;4;1
porterai;porter;VER;futu;1;sg;bar;s30930;5;1
porterai;porter;VER;futu;1;sg;barlaam;s31755;7;1
porterai;porter;VER;futu;1;sg;barril;s32564;5;1
porterai;porter;VER;futu;1;sg;desp;s92055;4;1
porterai;porter;VER;futu;1;sg;fabb;s125969;3;1
porterai;porter;VER;futu;1;sg;herm;s175999;9;1
porterai;porter;VER;futu;1;sg;ipo;s189704;1;1
porterai;porter;VER;futu;1;sg;loys;s213414;3;1
porterai;porter;VER;futu;1;sg;queste;s338032;0;1
porterai;porter;VER;futu;1;sg;rolandox;s357590;3;1
porterai;porter;VER;futu;1;sg;rose;s380243;4;1
porterai;porter;VER;futu;3;sg;barlaam;s32074;6;1
porterai;porter;VER;futu;3;sg;thibo;s403561;7;1
porteras;porter;VER;futu;2;sg;chastoi;s59090;5;1
porteras;porter;VER;futu;2;sg;cordres;s88773;5;1
porteras;porter;VER;futu;2;sg;elie;s104120;3;1
porteras;porter;VER;futu;2;sg;herm;s175983;9;1
porteras;porter;VER;futu;2;sg;herm;s176039;4;1
porteras;porter;VER;futu;2;sg;lin;s209930;3;1
porteras;porter;VER;futu;2;sg;maur;s229912;7;1
porteras;porter;VER;futu;2;sg;milonS;s237460;3;1
porteras;porter;VER;futu;2;sg;milunH;s237988;3;1
porteras;porter;VER;futu;2;sg;myst;s252141;3;1
porteras;porter;VER;futu;2;sg;nic;s264697;4;1
porteras;porter;VER;futu;2;sg;nima1;s268583;6;1
porteras;porter;VER;futu;2;sg;nima3;s271281;6;1
porteras;porter;VER;futu;2;sg;nima4;s272745;6;1
porteras;porter;VER;futu;2;sg;nimb1;s274485;6;1
porteras;porter;VER;futu;2;sg;nimc;s277553;6;1
porteras;porter;VER;futu;2;sg;percevalb;s303734;5;1
porteras;porter;VER;futu;2;sg;queste;s338080;1;1
porteras;porter;VER;futu;2;sg;reis;s343862;9;1
porteras;porter;VER;futu;2;sg;reis;s343869;7;1
porterat;porter;VER;futu;3;sg;elid;s102942;4;1
porterat;porter;VER;futu;3;sg;ipo;s191658;3;1
porterat;porter;VER;futu;3;sg;rolandox;s356246;6;1
porterat;porter;VER;futu;3;sg;rolandox;s356275;5;1
porterei;porter;VER;futu;1;sg;ndchar;s258439;2;1
portereient;porter;VER;cond;3;pl;alia;s10940;5;1
portereit;porter;VER;cond;3;sg;alia;s10599;3;1
portereit;porter;VER;cond;3;sg;best;s45010;2;1
portereit;porter;VER;cond;3;sg;best;s47492;5;1
portereit;porter;VER;cond;3;sg;deusamH;s94040;5;1
portereit;porter;VER;cond;3;sg;deusamH;s94149;6;1
portereit;porter;VER;cond;3;sg;elid;s103183;5;1
portereit;porter;VER;cond;3;sg;fablesA;s133072;3;1
portereit;porter;VER;cond;3;sg;sully2;s400083;8;1
portereiz;porter;VER;futu;2;pl;rolandox;s355391;7;1
portereiz;porter;VER;futu;2;pl;rolandox;s358060;6;1
porterent;porter;VER;simp;3;pl;alexo;s7801;5;1
porterent;porter;VER;simp;3;pl;auc;s28664;0;1
porterent;porter;VER;simp;3;pl;benoit;s39328;5;1
porterent;porter;VER;simp;3;pl;benoit;s40205;6;1
porterent;porter;VER;simp;3;pl;cass;s58110;0;1
porterent;porter;VER;simp;3;pl;chaitH;s58822;4;1
porterent;porter;VER;simp;3;pl;chastoi;s61237;5;1
porterent;porter;VER;simp;3;pl;chret1;s65002;4;1
porterent;porter;VER;simp;3;pl;chret2;s66326;4;1
porterent;porter;VER;simp;3;pl;cleom;s77384;1;1
porterent;porter;VER;simp;3;pl;conperc;s80709;7;1
porterent;porter;VER;simp;3;pl;cou;s89832;5;1
porterent;porter;VER;simp;3;pl;desp;s91542;1;1
porterent;porter;VER;simp;3;pl;dole;s94849;3;1
porterent;porter;VER;simp;3;pl;edmund;s100622;6;1
porterent;porter;VER;simp;3;pl;edmund;s100686;6;1
porterent;porter;VER;simp;3;pl;edmund;s100814;5;1
porterent;porter;VER;simp;3;pl;edmund;s100987;3;1
porterent;porter;VER;simp;3;pl;edmund;s98783;5;1
porterent;porter;VER;simp;3;pl;eneas;s107087;3;1
porterent;porter;VER;simp;3;pl;enf;s107872;2;1
porterent;porter;VER;simp;3;pl;enf;s108467;3;1
porterent;porter;VER;simp;3;pl;eustache;s113024;6;1
porterent;porter;VER;simp;3;pl;fablesA;s132791;5;1
porterent;porter;VER;simp;3;pl;fablesE1;s139944;3;1
porterent;porter;VER;simp;3;pl;fablesL;s144490;3;1
porterent;porter;VER;simp;3;pl;fablesZ;s152428;3;1
porterent;porter;VER;simp;3;pl;flo;s159052;8;1
porterent;porter;VER;simp;3;pl;gerv;s162129;5;1
porterent;porter;VER;simp;3;pl;ipo;s188848;7;1
porterent;porter;VER;simp;3;pl;jaco;s195697;1;1
porterent;porter;VER;simp;3;pl;jaco;s195942;5;1
porterent;porter;VER;simp;3;pl;jaco;s196174;2;1
porterent;porter;VER;simp;3;pl;jean;s197274;3;1
porterent;porter;VER;simp;3;pl;jongl;s198863;5;1
porterent;porter;VER;simp;3;pl;lac;s202635;1;1
porterent;porter;VER;simp;3;pl;loys;s212727;6;1
porterent;porter;VER;simp;3;pl;loys;s213175;0;1
porterent;porter;VER;simp;3;pl;loys;s213578;4;1
porterent;porter;VER;simp;3;pl;loys;s213781;7;1
porterent;porter;VER;simp;3;pl;loys;s213958;4;1
porterent;porter;VER;simp;3;pl;loys;s214142;8;1
porterent;porter;VER;simp;3;pl;martin2;s225295;6;1
porterent;porter;VER;simp;3;pl;martin2;s225808;6;1
porterent;porter;VER;simp;3;pl;martin2;s226688;6;1
porterent;porter;VER;simp;3;pl;martin3;s226808;7;1
porterent;porter;VER;simp;3;pl;martin3;s226846;6;1
porterent;porter;VER;simp;3;pl;martin3;s227139;2;1
porterent;porter;VER;simp;3;pl;martin3;s227772;6;1
porterent;porter;VER;simp;3;pl;martin3;s228643;7;1
porterent;porter;VER;simp;3;pl;milonS;s237399;4;1
porterent;porter;VER;simp;3;pl;milunH;s237926;4;1
porterent;porter;VER;simp;3;pl;mous;s248570;2;1
porterent;porter;VER;simp;3;pl;mous;s249067;3;1
porterent;porter;VER;simp;3;pl;ndchar;s257310;6;1
porterent;porter;VER;simp;3;pl;nicoa;s265738;4;1
porterent;porter;VER;simp;3;pl;nouvel;s279149;2;1
porterent;porter;VER;simp;3;pl;nouvel;s279668;5;1
porterent;porter;VER;simp;3;pl;orso;s286110;5;1
porterent;porter;VER;simp;3;pl;pap;s288041;6;1
porterent;porter;VER;simp;3;pl;papgreg2;s290416;6;1
porterent;porter;VER;simp;3;pl;papgreg2;s290572;7;1
porterent;porter;VER;simp;3;pl;pen;s291431;3;1
porterent;porter;VER;simp;3;pl;perc;s295644;7;1
porterent;porter;VER;simp;3;pl;poit;s329799;6;1
porterent;porter;VER;simp;3;pl;pseuturp;s337411;5;1
porterent;porter;VER;simp;3;pl;pseuturp;s337523;3;1
porterent;porter;VER;simp;3;pl;raou;s339661;3;1
porterent;porter;VER;simp;3;pl;reis;s341049;8;1
porterent;porter;VER;simp;3;pl;reis;s341119;1;1
porterent;porter;VER;simp;3;pl;reis;s341375;5;1
porterent;porter;VER;simp;3;pl;reis;s342988;0;1
porterent;porter;VER;simp;3;pl;reis;s343092;1;1
porterent;porter;VER;simp;3;pl;reis;s343102;2;1
porterent;porter;VER;simp;3;pl;reis;s343586;0;1
porterent;porter;VER;simp;3;pl;reis;s343650;2;1
porterent;porter;VER;simp;3;pl;reis;s343665;6;1
porterent;porter;VER;simp;3;pl;reis;s343781;4;1
porterent;porter;VER;simp;3;pl;reis;s343792;4;1
porterent;porter;VER;simp;3;pl;reis;s344740;2;1
porterent;porter;VER;simp;3;pl;reis;s345021;6;1
porterent;porter;VER;simp;3;pl;reis;s345084;0;1
porterent;porter;VER;simp;3;pl;reis;s345296;8;1
porterent;porter;VER;simp;3;pl;reis;s345329;4;1
porterent;porter;VER;simp;3;pl;reis;s346943;6;1
porterent;porter;VER;simp;3;pl;reis;s348410;2;1
porterent;porter;VER;simp;3;pl;sage;s388474;1;1
porterent;porter;VER;simp;3;pl;sage;s388765;2;1
porterent;porter;VER;simp;3;pl;sully2;s398343;7;1
porterent;porter;VER;simp;3;pl;thibo;s403941;9;1
porterent;porter;VER;simp;3;pl;thibo;s404178;0;1
porterent;porter;VER;simp;3;pl;troifr;s408707;5;1
porterent;porter;VER;simp;3;pl;troifr;s408731;4;1
porterent;porter;VER;simp;3;pl;vilea;s425408;1;1
porterent;porter;VER;simp;3;pl;vilhar;s427032;5;1
porterent;porter;VER;simp;3;pl;vilhar;s427435;7;1
porterent;porter;VER;simp;3;pl;vilhar;s428132;9;1
porterent;porter;VER;simp;3;pl;vilhar;s428805;2;1
porterent;porter;VER;simp;3;pl;yva;s432895;4;1
porterent;porter;VER;simp;3;pl;yvf;s433883;4;1
porterent;porter;VER;simp;3;pl;yvg;s434867;4;1
porterent;porter;VER;simp;3;pl;yvh;s435860;4;1
porterent;porter;VER;simp;3;pl;yvp;s436852;4;1
porterent;porter;VER;simp;3;pl;yvs;s437834;4;1
porters;porter;VER;futu;2;pl;aiol;s6498;2;1
porters;porter;VER;futu;2;pl;aiol;s6616;3;1
porters;porter;VER;futu;2;pl;chret1;s65462;8;1
porters;porter;VER;futu;2;pl;cordres;s89379;5;1
porters;porter;VER;futu;2;pl;elie;s105625;2;1
porters;porter;VER;futu;2;pl;elie;s106748;7;1
porters;porter;VER;futu;2;pl;oct;s283188;5;1
porters;porter;VER;futu;2;pl;perp;s314733;5;1
porters;porter;VER;futu;2;pl;perr;s318511;5;1
porters;porter;VER;futu;2;pl;robin;s355069;7;1
porterez;porter;VER;futu;2;pl;elid;s103237;6;1
porterez;porter;VER;futu;2;pl;ipo;s190265;5;1
porterez;porter;VER;futu;2;pl;jaco;s196124;5;1
porterez;porter;VER;futu;2;pl;juise2;s201768;3;1
porterez;porter;VER;futu;2;pl;juise2;s201771;3;1
porterez;porter;VER;futu;2;pl;lin;s209673;1;1
porterez;porter;VER;futu;2;pl;milunH;s237857;6;1
porterez;porter;VER;futu;2;pl;milunH;s237886;5;1
porterez;porter;VER;futu;2;pl;modw;s242803;2;1
porterez;porter;VER;futu;2;pl;nicoa;s266564;5;1
porterez;porter;VER;futu;2;pl;orso;s285556;1;1
porterez;porter;VER;futu;2;pl;orso;s287368;8;1
porterez;porter;VER;futu;2;pl;percevalb;s302410;1;1
porterez;porter;VER;futu;2;pl;perm;s312833;5;1
porterez;porter;VER;futu;2;pl;pert;s322323;5;1
porterez;porter;VER;futu;2;pl;ren2;s353140;8;1
porterez;porter;VER;futu;2;pl;rolandox;s355383;7;1
porterez;porter;VER;futu;2;pl;rolandox;s355571;7;1
porterez;porter;VER;futu;2;pl;yzop;s442384;5;1
porteroie;porter;VER;cond;1;sg;desp;s93790;5;1
porteroie;porter;VER;cond;1;sg;queste;s338042;3;1
porteroie;porter;VER;cond;1;sg;vilhar;s428168;0;1
porteroient;porter;VER;cond;3;pl;beauv;s35716;6;1
porteroient;porter;VER;cond;3;pl;cordres;s89018;3;1
porteroient;porter;VER;cond;3;pl;fetrom;s153894;4;1
porteroient;porter;VER;cond;3;pl;joinv;s197730;7;1
porteroient;porter;VER;cond;3;pl;lin;s209775;2;1
porteroient;porter;VER;cond;3;pl;papgreg2;s290440;3;1
porteroient;porter;VER;cond;3;pl;thibo;s404439;4;1
porteroit;porter;VER;cond;3;sg;abe;s1269;3;1
porteroit;porter;VER;cond;3;sg;beauv;s35714;6;1
porteroit;porter;VER;cond;3;sg;clef;s74429;5;1
porteroit;porter;VER;cond;3;sg;coinci;s78544;4;1
porteroit;porter;VER;cond;3;sg;deusamS;s94291;5;1
porteroit;porter;VER;cond;3;sg;deusamS;s94402;6;1
porteroit;porter;VER;cond;3;sg;evrat1;s114278;3;1
porteroit;porter;VER;cond;3;sg;fablesC;s139043;4;1
porteroit;porter;VER;cond;3;sg;faucon;s152706;5;1
porteroit;porter;VER;cond;3;sg;fierens;s157722;5;1
porteroit;porter;VER;cond;3;sg;joinv;s197700;7;1
porteroit;porter;VER;cond;3;sg;loys;s212929;5;1
porteroit;porter;VER;cond;3;sg;loys;s213213;5;1
porteroit;porter;VER;cond;3;sg;loys;s213418;0;1
porteroit;porter;VER;cond;3;sg;loys;s213777;8;1
porteroit;porter;VER;cond;3;sg;loys;s214052;5;1
porteroit;porter;VER;cond;3;sg;martin2;s226392;7;1
porteroit;porter;VER;cond;3;sg;meun;s233534;3;1
porteroit;porter;VER;cond;3;sg;oct;s283324;3;1
porteroit;porter;VER;cond;3;sg;percevalb;s300070;3;1
porteroit;porter;VER;cond;3;sg;queste;s338106;2;1
porteroit;porter;VER;cond;3;sg;rou2;s381791;8;1
porteroit;porter;VER;cond;3;sg;wita;s429837;5;1
porteroiz;porter;VER;futu;2;pl;milonS;s237334;6;1
porteroiz;porter;VER;futu;2;pl;mortartu;s247203;7;1
porteroiz;porter;VER;futu;2;pl;troi;s405951;2;1
porterons;porter;VER;futu;1;pl;bern2;s41175;4;1
porterons;porter;VER;futu;1;pl;cass;s57975;1;1
porterons;porter;VER;futu;1;pl;juise2;s201798;3;1
porterons;porter;VER;futu;1;pl;orso;s287162;7;1
porterons;porter;VER;futu;1;pl;raou;s339378;1;1
porteront;porter;VER;futu;3;pl;carem;s54654;5;1
porteront;porter;VER;futu;3;pl;chastoi;s61221;5;1
porteront;porter;VER;futu;3;pl;fierens;s157276;2;1
porteront;porter;VER;futu;3;pl;flo;s159089;9;1
porteront;porter;VER;futu;3;pl;herm;s177297;8;1
porteront;porter;VER;futu;3;pl;lin;s208953;3;1
porteront;porter;VER;futu;3;pl;maur;s229686;4;1
porteront;porter;VER;futu;3;pl;percevalb;s302365;5;1
porteront;porter;VER;futu;3;pl;rou2;s381686;9;1
porteront;porter;VER;futu;3;pl;verite;s423213;3;1
porteront;porter;VER;futu;3;pl;vilea;s424531;2;1
porteront;porter;VER;futu;3;pl;vilhar;s426825;5;1
porterra;porter;VER;futu;3;sg;plainte;s325487;2;1
porterum;porter;VER;futu;1;pl;reis;s341246;3;1
porterunt;porter;VER;futu;3;pl;alia;s11085;5;1
porterunt;porter;VER;futu;3;pl;alia;s11494;5;1
porterunt;porter;VER;futu;3;pl;edmund;s99344;1;1
porterunt;porter;VER;futu;3;pl;ipo;s186618;6;1
porterunt;porter;VER;futu;3;pl;modw;s242979;5;1
porterunt;porter;VER;futu;3;pl;psautier;s334840;5;1
sairemant;sairement;NOM;obj;masc;sg;calen;s50288;5;1
sairemant;sairement;NOM;obj;masc;sg;contre;s83530;5;1
sairemant;sairement;NOM;obj;masc;sg;romb;s361661;5;1
sairemant;sairement;NOM;obj;masc;sg;roml;s373243;5;1
sairemant;sairement;NOM;obj;masc;sg;roml;s373249;2;1
sairemant;sairement;NOM;obj;masc;sg;roml;s373252;3;1
sairemant;sairement;NOM;obj;masc;sg;roml;s373257;5;1
sairemant;sairement;NOM;obj;masc;sg;roml;s373262;4;1
sairemant;sairement;NOM;obj;masc;sg;roml;s373277;2;1
sairemant;sairement;NOM;obj;masc;sg;roml;s373468;4;1
sairemanz;sairement;NOM;obj;masc;pl;chret2;s66418;4;1
sairemanz;sairement;NOM;obj;masc;pl;yvh;s435952;4;1
sairement;sairement;NOM;obj;masc;sg;alia;s9272;5;1
sairement;sairement;NOM;obj;masc;sg;athi;s25521;3;1
sairement;sairement;NOM;obj;masc;sg;athi;s25563;5;1
sairement;sairement;NOM;obj;masc;sg;athi;s25582;2;1
sairement;sairement;NOM;obj;masc;sg;cambrai;s53517;2;1
sairement;sairement;NOM;obj;masc;sg;cass;s58514;8;1
sairement;sairement;NOM;obj;masc;sg;evratC2;s119941;4;1
sairement;sairement;NOM;obj;masc;sg;fablesC;s135995;2;1
sairement;sairement;NOM;obj;masc;sg;fablesC;s136024;4;1
sairement;sairement;NOM;obj;masc;sg;fablesC;s138354;5;1
sairement;sairement;NOM;obj;masc;sg;fablesL;s144917;4;1
sairement;sairement;NOM;obj;masc;sg;fablesL;s145496;5;1
sairement;sairement;NOM;obj;masc;sg;fablesM;s146078;2;1
sairement;sairement;NOM;obj;masc;sg;fablesM;s146181;4;1
sairement;sairement;NOM;obj;masc;sg;fablesM;s147141;2;1
sairement;sairement;NOM;obj;masc;sg;fablesM;s147147;5;1
sairement;sairement;NOM;obj;masc;sg;fablesM;s147153;6;1
sairement;sairement;NOM;obj;masc;sg;fablesM;s147161;6;1
sairement;sairement;NOM;obj;masc;sg;fablesM;s147692;7;1
sairement;sairement;NOM;obj;masc;sg;fablesT;s147995;2;1
sairement;sairement;NOM;obj;masc;sg;fablesT;s148098;4;1
sairement;sairement;NOM;obj;masc;sg;fablesT;s149331;6;1
sairement;sairement;NOM;obj;masc;sg;fablesT;s149338;6;1
sairement;sairement;NOM;obj;masc;sg;fablesT;s149489;5;1
sairement;sairement;NOM;obj;masc;sg;fablesT;s150125;5;1
sairement;sairement;NOM;obj;masc;sg;hista;s178958;7;1
sairement;sairement;NOM;obj;masc;sg;hista;s180545;3;1
sairement;sairement;NOM;obj;masc;sg;hista;s181321;4;1
sairement;sairement;NOM;obj;masc;sg;hista;s181877;6;1
sairement;sairement;NOM;obj;masc;sg;jaco;s195688;5;1
sairement;sairement;NOM;obj;masc;sg;jouf;s199841;4;1
sairement;sairement;NOM;obj;masc;sg;lac;s202550;0;1
sairement;sairement;NOM;obj;masc;sg;lancpr;s203212;9;1
sairement;sairement;NOM;obj;masc;sg;lanvalP;s204933;5;1
sairement;sairement;NOM;obj;masc;sg;lanvalP;s205056;2;1
sairement;sairement;NOM;obj;masc;sg;malk;s219983;5;1
sairement;sairement;NOM;obj;masc;sg;martin3;s228419;4;1
sairement;sairement;NOM;obj;masc;sg;martin3;s228426;2;1
sairement;sairement;NOM;obj;masc;sg;martin3;s228447;5;1
sairement;sairement;NOM;obj;masc;sg;martin3;s228452;2;1
sairement;sairement;NOM;obj;masc;sg;mous;s249348;4;1
sairement;sairement;NOM;obj;masc;sg;mous;s249657;5;1
sairement;sairement;NOM;obj;masc;sg;mous;s249971;7;1
sairement;sairement;NOM;obj;masc;sg;mous;s250040;2;1
sairement;sairement;NOM;obj;masc;sg;mous;s250043;2;1
sairement;sairement;NOM;obj;masc;sg;oct;s283084;5;1
sairement;sairement;NOM;obj;masc;sg;percevalb;s303212;3;1
sairement;sairement;NOM;obj;masc;sg;percevalb;s303217;4;1
sairement;sairement;NOM;obj;masc;sg;percevalb;s303231;4;1
sairement;sairement;NOM;obj;masc;sg;percevalb;s303233;5;1
sairement;sairement;NOM;obj;masc;sg;percevalb;s303236;5;1
sairement;sairement;NOM;obj;masc;sg;remi;s350292;5;1
sairement;sairement;NOM;obj;masc;sg;remi;s350451;4;1
sairement;sairement;NOM;obj;masc;sg;remi;s350472;5;1
sairement;sairement;NOM;obj;masc;sg;remi;s350483;3;1
sairement;sairement;NOM;obj;masc;sg;remi;s350513;6;1
sairement;sairement;NOM;obj;masc;sg;remi;s350699;4;1
sairement;sairement;NOM;obj;masc;sg;remi;s350717;4;1
sairement;sairement;NOM;obj;masc;sg;ren2;s353255;2;1
sairement;sairement;NOM;obj;masc;sg;ren2;s353297;4;1
sairement;sairement;NOM;obj;masc;sg;romb;s361637;4;1
sairement;sairement;NOM;obj;masc;sg;romb;s361643;2;1
sairement;sairement;NOM;obj;masc;sg;romb;s361646;3;1
sairement;sairement;NOM;obj;masc;sg;romb;s361651;6;1
sairement;sairement;NOM;obj;masc;sg;romb;s361671;2;1
sairement;sairement;NOM;obj;masc;sg;romb;s361860;4;1
sairement;sairement;NOM;obj;masc;sg;rombriv;s362406;1;1
sairement;sairement;NOM;obj;masc;sg;romc;s364413;5;1
sairement;sairement;NOM;obj;masc;sg;romh;s368494;5;1
sairement;sairement;NOM;obj;masc;sg;romh;s369235;2;1
sairement;sairement;NOM;obj;masc;sg;romh;s369241;2;1
sairement;sairement;NOM;obj;masc;sg;romh;s369247;5;1
sairement;sairement;NOM;obj;masc;sg;romh;s369254;5;1
sairement;sairement;NOM;obj;masc;sg;romh;s369269;2;1
sairement;sairement;NOM;obj;masc;sg;romh;s369472;4;1
sairement;sairement;NOM;obj;masc;sg;romh;s369514;5;1
sairement;sairement;NOM;obj;masc;sg;romk;s371741;4;1
sairement;sairement;NOM;obj;masc;sg;romk;s371747;2;1
sairement;sairement;NOM;obj;masc;sg;romk;s371755;5;1
sairement;sairement;NOM;obj;masc;sg;romk;s371760;4;1
sairement;sairement;NOM;obj;masc;sg;romk;s371775;2;1
sairement;sairement;NOM;obj;masc;sg;romk;s371964;4;1
sairement;sairement;NOM;obj;masc;sg;romo;s376578;4;1
sairement;sairement;NOM;obj;masc;sg;romo;s376584;2;1
sairement;sairement;NOM;obj;masc;sg;romo;s376587;3;1
sairement;sairement;NOM;obj;masc;sg;romo;s376592;5;1
sairement;sairement;NOM;obj;masc;sg;romo;s376597;4;1
sairement;sairement;NOM;obj;masc;sg;romo;s376612;2;1
sairement;sairement;NOM;obj;masc;sg;romo;s376805;4;1
sairement;sairement;NOM;obj;masc;sg;vergia;s413842;4;1
sairement;sairement;NOM;obj;masc;sg;vergia;s413861;2;1
sairement;sairement;NOM;obj;masc;sg;vergih;s419566;2;1
sairement;sairement;NOM;obj;masc;sg;vergik;s421425;4;1
sairement;sairement;NOM;suj;masc;pl;alia;s10553;8;1
sairement;sairement;NOM;suj;masc;sg;fablesT;s149326;2;1
sairemenz;sairement;NOM;obj;masc;pl;vilea;s424673;3;1
sairemenz;sairement;NOM;obj;masc;pl;vilea;s425806;5;1
sairemenz;sairement;NOM;obj;masc;pl;vilea;s425812;1;1
sairemenz;sairement;NOM;suj;masc;pl;vilea;s425882;1;1
seiremanz;sairement;NOM;obj;masc;pl;pseuturp;s337450;9;1
seirement;sairement;NOM;obj;masc;sg;fablesK;s141360;2;1
seirement;sairement;NOM;obj;masc;sg;fablesK;s141460;4;1
seirement;sairement;NOM;obj;masc;sg;fablesK;s141839;2;1
seirement;sairement;NOM;obj;masc;sg;fablesK;s141859;6;1
seirement;sairement;NOM;obj;masc;sg;fablesK;s142385;5;1
seirement;sairement;NOM;obj;masc;sg;fablesK;s143290;5;1
seirement;sairement;NOM;obj;masc;sg;jouf;s199845;1;1
seirement;sairement;NOM;obj;masc;sg;livre;s211250;4;1
seirement;sairement;NOM;obj;masc;sg;martin3;s228468;5;1
seirement;sairement;NOM;obj;masc;sg;pap;s287778;5;1
seirement;sairement;NOM;obj;masc;sg;rome;s367549;5;1
seirement;sairement;NOM;obj;masc;sg;rome;s367555;2;1
seirement;sairement;NOM;obj;masc;sg;rome;s367561;5;1
seirement;sairement;NOM;obj;masc;sg;rome;s367566;4;1
seirement;sairement;NOM;obj;masc;sg;rome;s367581;2;1
seirement;sairement;NOM;obj;masc;sg;rome;s367798;4;1
seirement;sairement;NOM;suj;masc;sg;livre;s210848;5;1
seirement;sairement;NOM;suj;masc;sg;livre;s210984;4;1
seremanz;sairement;NOM;obj;masc;pl;meun;s233926;4;1
serement;sairement;NOM;obj;masc;sg;beauv;s35568;5;1
serement;sairement;NOM;obj;masc;sg;beauv;s35583;0;1
serement;sairement;NOM;obj;masc;sg;beauv;s37090;8;1
serement;sairement;NOM;obj;masc;sg;beauv;s37212;9;1
serement;sairement;NOM;obj;masc;sg;beauv;s37272;7;1
serement;sairement;NOM;obj;masc;sg;beauv;s37462;1;1
serement;sairement;NOM;obj;masc;sg;beauv;s37464;8;1
serement;sairement;NOM;obj;masc;sg;beauv;s37468;4;1
serement;sairement;NOM;obj;masc;sg;beauv;s37470;4;1
serement;sairement;NOM;obj;masc;sg;beauv;s37470;9;1
serement;sairement;NOM;obj;masc;sg;beauv;s37473;2;1
serement;sairement;NOM;obj;masc;sg;beauv;s37484;4;1
serement;sairement;NOM;obj;masc;sg;beauv;s37506;1;1
serement;sairement;NOM;obj;masc;sg;beauv;s37509;6;1
serement;sairement;NOM;obj;masc;sg;beauv;s37511;3;1
serement;sairement;NOM;obj;masc;sg;beauv;s37513;0;1
serement;sairement;NOM;obj;masc;sg;beauv;s37517;2;1
serement;sairement;NOM;obj;masc;sg;beauv;s37520;2;1
serement;sairement;NOM;obj;masc;sg;beauv;s37521;9;1
serement;sairement;NOM;obj;masc;sg;beauv;s37523;6;1
serement;sairement;NOM;obj;masc;sg;beauv;s37561;4;1
serement;sairement;NOM;obj;masc;sg;beauv;s37562;8;1
serement;sairement;NOM;obj;masc;sg;beauv;s37564;8;1
serement;sairement;NOM;obj;masc;sg;beauv;s37567;2;1
serement;sairement;NOM;obj;masc;sg;beauv;s37590;2;1
serement;sairement;NOM;obj;masc;sg;beauv;s37602;1;1
serement;sairement;NOM;obj;masc;sg;beauv;s37604;2;1
serement;sairement;NOM;obj;masc;sg;beauv;s37605;8;1
serement;sairement;NOM;obj;masc;sg;beauv;s37610;3;1
serement;sairement;NOM;obj;masc;sg;beauv;s37623;3;1
serement;sairement;NOM;obj;masc;sg;beauv;s37624;0;1
serement;sairement;NOM;obj;masc;sg;beauv;s37704;5;1
serement;sairement;NOM;obj;masc;sg;clef;s73169;2;1
serement;sairement;NOM;obj;masc;sg;clef;s73181;2;1
serement;sairement;NOM;obj;masc;sg;dole;s94459;2;1
serement;sairement;NOM;obj;masc;sg;edmund;s98764;7;1
serement;sairement;NOM;obj;masc;sg;edmund;s98926;5;1
serement;sairement;NOM;obj;masc;sg;edmund;s98943;6;1
serement;sairement;NOM;obj;masc;sg;edmund;s98973;4;1
serement;sairement;NOM;obj;masc;sg;edmund;s99014;5;1
serement;sairement;NOM;obj;masc;sg;edmund;s99018;2;1
serement;sairement;NOM;obj;masc;sg;edmund;s99126;4;1
serement;sairement;NOM;obj;masc;sg;edmund;s99685;5;1
serement;sairement;NOM;obj;masc;sg;edmund;s99687;6;1
serement;sairement;NOM;obj;masc;sg;edmund;s99711;3;1
serement;sairement;NOM;obj;masc;sg;edmund;s99769;6;1
serement;sairement;NOM;obj;masc;sg;elid;s103309;6;1
serement;sairement;NOM;obj;masc;sg;elid;s103454;3;1
serement;sairement;NOM;obj;masc;sg;elid;s103543;6;1
serement;sairement;NOM;obj;masc;sg;fablesA;s129643;4;1
serement;sairement;NOM;obj;masc;sg;fablesA;s131152;6;1
serement;sairement;NOM;obj;masc;sg;fablesB;s133548;2;1
serement;sairement;NOM;obj;masc;sg;fablesB;s133651;4;1
serement;sairement;NOM;obj;masc;sg;fablesB;s134567;2;1
serement;sairement;NOM;obj;masc;sg;fablesB;s134572;5;1
serement;sairement;NOM;obj;masc;sg;fablesB;s134579;6;1
serement;sairement;NOM;obj;masc;sg;fablesB;s134587;6;1
serement;sairement;NOM;obj;masc;sg;fablesB;s134698;5;1
serement;sairement;NOM;obj;masc;sg;fablesC;s136932;2;1
serement;sairement;NOM;obj;masc;sg;fablesC;s136937;5;1
serement;sairement;NOM;obj;masc;sg;fablesC;s136952;6;1
serement;sairement;NOM;obj;masc;sg;fablesE1;s139353;2;1
serement;sairement;NOM;obj;masc;sg;fablesE1;s139456;4;1
serement;sairement;NOM;obj;masc;sg;fablesE1;s140467;6;1
serement;sairement;NOM;obj;masc;sg;fablesE1;s140474;6;1
serement;sairement;NOM;obj;masc;sg;fablesE1;s140482;6;1
serement;sairement;NOM;obj;masc;sg;fablesE1;s140625;6;1
serement;sairement;NOM;obj;masc;sg;fablesK;s141844;6;1
serement;sairement;NOM;obj;masc;sg;fablesK;s141851;6;1
serement;sairement;NOM;obj;masc;sg;fablesL;s143921;2;1
serement;sairement;NOM;obj;masc;sg;fablesL;s144990;2;1
serement;sairement;NOM;obj;masc;sg;fablesL;s145002;6;1
serement;sairement;NOM;obj;masc;sg;fablesL;s145010;6;1
serement;sairement;NOM;obj;masc;sg;fablesY;s150694;2;1
serement;sairement;NOM;obj;masc;sg;fablesY;s150797;4;1
serement;sairement;NOM;obj;masc;sg;fablesZ;s151862;2;1
serement;sairement;NOM;obj;masc;sg;fablesZ;s151965;4;1
serement;sairement;NOM;obj;masc;sg;fetrom;s153294;5;1
serement;sairement;NOM;obj;masc;sg;jaco;s195683;1;1
serement;sairement;NOM;obj;masc;sg;joinv;s197730;2;1
serement;sairement;NOM;obj;masc;sg;joinv;s197731;3;1
serement;sairement;NOM;obj;masc;sg;joinv;s197816;3;1
serement;sairement;NOM;obj;masc;sg;joinv;s197816;6;1
serement;sairement;NOM;obj;masc;sg;jouf;s199847;5;1
serement;sairement;NOM;obj;masc;sg;lanvalH;s204411;2;1
serement;sairement;NOM;obj;masc;sg;lanvalS;s205565;5;1
serement;sairement;NOM;obj;masc;sg;lanvalS;s205688;1;1
serement;sairement;NOM;obj;masc;sg;mace;s214897;6;1
serement;sairement;NOM;obj;masc;sg;mace;s217255;2;1
serement;sairement;NOM;obj;masc;sg;mortartu;s247079;4;1
serement;sairement;NOM;obj;masc;sg;mortartu;s247601;0;1
serement;sairement;NOM;obj;masc;sg;papgreg2;s290207;3;1
serement;sairement;NOM;obj;masc;sg;papgreg2;s290208;1;1
serement;sairement;NOM;obj;masc;sg;psautier;s335327;4;1
serement;sairement;NOM;obj;masc;sg;reis;s342050;3;1
serement;sairement;NOM;obj;masc;sg;reis;s342584;8;1
serement;sairement;NOM;obj;masc;sg;reis;s342904;7;1
serement;sairement;NOM;obj;masc;sg;reis;s344108;1;1
serement;sairement;NOM;obj;masc;sg;reis;s344458;8;1
serement;sairement;NOM;obj;masc;sg;reis;s348421;0;1
serement;sairement;NOM;obj;masc;sg;roma;s360246;2;1
serement;sairement;NOM;obj;masc;sg;roma;s360252;5;1
serement;sairement;NOM;obj;masc;sg;roma;s360257;4;1
serement;sairement;NOM;obj;masc;sg;roma;s360272;2;1
serement;sairement;NOM;obj;masc;sg;romc;s363547;5;1
serement;sairement;NOM;obj;masc;sg;romc;s364390;4;1
serement;sairement;NOM;obj;masc;sg;romc;s364396;2;1
serement;sairement;NOM;obj;masc;sg;romc;s364399;3;1
serement;sairement;NOM;obj;masc;sg;romc;s364404;5;1
serement;sairement;NOM;obj;masc;sg;romc;s364428;2;1
serement;sairement;NOM;obj;masc;sg;romc;s364647;4;1
serement;sairement;NOM;obj;masc;sg;romd;s365974;5;1
serement;sairement;NOM;obj;masc;sg;romd;s365980;2;1
serement;sairement;NOM;obj;masc;sg;romd;s365986;5;1
serement;sairement;NOM;obj;masc;sg;romd;s365991;4;1
serement;sairement;NOM;obj;masc;sg;romd;s366007;2;1
serement;sairement;NOM;obj;masc;sg;romd;s366222;4;1
serement;sairement;NOM;obj;masc;sg;romi;s370203;4;1
serement;sairement;NOM;obj;masc;sg;romi;s370209;2;1
serement;sairement;NOM;obj;masc;sg;romi;s370215;5;1
serement;sairement;NOM;obj;masc;sg;romi;s370219;5;1
serement;sairement;NOM;obj;masc;sg;romi;s370224;4;1
serement;sairement;NOM;obj;masc;sg;romi;s370444;4;1
serement;sairement;NOM;obj;masc;sg;romi;s370488;6;1
serement;sairement;NOM;obj;masc;sg;romm;s374160;5;1
serement;sairement;NOM;obj;masc;sg;romm;s375002;4;1
serement;sairement;NOM;obj;masc;sg;romm;s375008;2;1
serement;sairement;NOM;obj;masc;sg;romm;s375011;3;1
serement;sairement;NOM;obj;masc;sg;romm;s375016;5;1
serement;sairement;NOM;obj;masc;sg;romm;s375025;5;1
serement;sairement;NOM;obj;masc;sg;romm;s375040;2;1
serement;sairement;NOM;obj;masc;sg;romm;s375259;4;1
serement;sairement;NOM;obj;masc;sg;rou1;s381248;1;1
serement;sairement;NOM;obj;masc;sg;rou3a;s382811;4;1
serement;sairement;NOM;obj;masc;sg;thebe;s403007;2;1
serement;sairement;NOM;obj;masc;sg;thebe;s403063;6;1
serement;sairement;NOM;obj;masc;sg;vergib;s414790;4;1
serement;sairement;NOM;obj;masc;sg;vergib;s414809;2;1
serement;sairement;NOM;obj;masc;sg;vergic;s415753;4;1
serement;sairement;NOM;obj;masc;sg;vergic;s415772;2;1
serement;sairement;NOM;obj;masc;sg;vergie;s416738;4;1
serement;sairement;NOM;obj;masc;sg;vergie;s416757;2;1
serement;sairement;NOM;obj;masc;sg;vergif;s417624;4;1
serement;sairement;NOM;obj;masc;sg;vergif;s417643;2;1
serement;sairement;NOM;obj;masc;sg;vergig;s418562;4;1
serement;sairement;NOM;obj;masc;sg;vergig;s418581;2;1
serement;sairement;NOM;obj;masc;sg;vergii;s420489;4;1
serement;sairement;NOM;obj;masc;sg;vergii;s420507;2;1
serement;sairement;NOM;obj;masc;sg;vergik;s421444;2;1
serement;sairement;NOM;obj;masc;sg;vergil;s422246;4;1
serement;sairement;NOM;obj;masc;sg;vergil;s422265;2;1
serement;sairement;NOM;obj;masc;sg;vergil;s422301;5;1
serement;sairement;NOM;obj;masc;sg;vilhar;s427140;3;1
serement;sairement;NOM;obj;masc;sg;vilhar;s427511;2;1
serement;sairement;NOM;obj;masc;sg;vilhar;s428218;8;1
serement;sairement;NOM;obj;masc;sg;vilhar;s428237;7;1
serement;sairement;NOM;obj;masc;sg;vilhar;s428487;5;1
serement;sairement;NOM;suj;masc;pl;vilhar;s428212;5;1
serement;sairement;NOM;suj;masc;sg;clef;s73174;2;1
serement;sairement;NOM;suj;masc;sg;clef;s73188;3;1
serement;sairement;NOM;suj;masc;sg;fablesE1;s140462;2;1
serement;sairement;NOM;suj;masc;sg;ren2;s353241;3;1
seremenz;sairement;NOM;obj;masc;pl;edmund;s99084;3;1
seremenz;sairement;NOM;obj;masc;pl;edmund;s99378;4;1
seremenz;sairement;NOM;obj;masc;pl;fetrom;s153921;3;1
seremenz;sairement;NOM;obj;masc;pl;loys;s213137;5;1
seremenz;sairement;NOM;obj;masc;pl;loys;s213344;0;1
seremenz;sairement;NOM;obj;masc;pl;plainte;s326012;6;1
seremenz;sairement;NOM;obj;masc;pl;roma;s360240;5;1
seremenz;sairement;NOM;obj;masc;pl;rou2;s381472;3;1
seremenz;sairement;NOM;obj;masc;pl;rou3a;s382843;3;1
seremenz;sairement;NOM;obj;masc;pl;rou3a;s382871;4;1
seremenz;sairement;NOM;obj;masc;pl;vilhar;s426859;3;1
seremenz;sairement;NOM;obj;masc;pl;vilhar;s427125;4;1
seremenz;sairement;NOM;obj;masc;pl;vilhar;s427126;5;1
seremenz;sairement;NOM;obj;masc;pl;vilhar;s427555;8;1
seremenz;sairement;NOM;obj;masc;pl;yvg;s434959;4;1
seremenz;sairement;NOM;obj;masc;pl;yvv;s438881;4;1
verai;verai;ADJ;obj;masc;sg;aiol;s7692;1;1
verai;verai;ADJ;obj;masc;sg;anth;s20260;1;1
verai;verai;ADJ;obj;masc;sg;barlaam;s31649;7;1
verai;verai;ADJ;obj;masc;sg;barlaam;s31834;2;1
verai;verai;ADJ;obj;masc;sg;barlaam;s31835;7;1
verai;verai;ADJ;obj;masc;sg;barlaam;s31960;5;1
verai;verai;ADJ;obj;masc;sg;barlaam;s32065;4;1
verai;verai;ADJ;obj;masc;sg;best;s44971;3;1
verai;verai;ADJ;obj;masc;sg;best;s45790;3;1
verai;verai;ADJ;obj;masc;sg;best;s45925;2;1
verai;verai;ADJ;obj;masc;sg;best;s46233;5;1
verai;verai;ADJ;obj;masc;sg;best;s46497;5;1
verai;verai;ADJ;obj;masc;sg;calex;s52090;4;1
verai;verai;ADJ;obj;masc;sg;calex;s52478;3;1
verai;verai;ADJ;obj;masc;sg;cordres;s88541;6;1
verai;verai;ADJ;obj;masc;sg;edmond;s97072;7;1
verai;verai;ADJ;obj;masc;sg;elie;s104645;7;1
verai;verai;ADJ;obj;masc;sg;elie;s104651;5;1
verai;verai;ADJ;obj;masc;sg;eustache;s111875;3;1
verai;verai;ADJ;obj;masc;sg;eustache;s113823;3;1
verai;verai;ADJ;obj;masc;sg;greg2;s166358;5;1
verai;verai;ADJ;obj;masc;sg;hue;s182401;6;1
verai;verai;ADJ;obj;masc;sg;jouf;s200137;6;1
verai;verai;ADJ;obj;masc;sg;malk;s219265;5;1
verai;verai;ADJ;obj;masc;sg;ndchar;s257799;5;1
verai;verai;ADJ;obj;masc;sg;ndchar;s259999;3;1
verai;verai;ADJ;obj;masc;sg;ndchar;s260352;5;1
verai;verai;ADJ;obj;masc;sg;nimd;s278265;7;1
verai;verai;ADJ;obj;masc;sg;queste;s338129;4;1
verai;verai;ADJ;obj;masc;sg;reis;s345852;1;1
verai;verai;ADJ;obj;masc;sg;rolandox;s358675;7;1
verai;verai;ADJ;obj;masc;sg;sully2;s396923;5;1
verai;verai;ADJ;obj;masc;sg;sully2;s396924;3;1
verai;verai;ADJ;suj;femi;sg;calex;s51397;1;1
verai;verai;ADJ;suj;femi;sg;marga;s222527;3;1
verai;verai;ADJ;suj;femi;sg;yzop;s442089;1;1
verai;verai;ADJ;suj;masc;pl;calen;s50206;4;1
verai;verai;ADJ;suj;masc;pl;chastoi;s59081;5;1
verai;verai;ADJ;suj;masc;pl;sully2;s400667;7;1
verai;verai;ADJ;suj;masc;pl;sully2;s400668;8;1
verai;verai;ADJ;suj;masc;sg;barlaam;s31841;6;1
verai;verai;ADJ;suj;masc;sg;best;s44884;4;1
verai;verai;ADJ;suj;masc;sg;best;s44927;4;1
verai;verai;ADJ;suj;masc;sg;best;s44942;5;1
verai;verai;ADJ;suj;masc;sg;best;s45613;4;1
verai;verai;ADJ;suj;masc;sg;best;s45950;4;1
verai;verai;ADJ;suj;masc;sg;best;s47727;1;1
verai;verai;ADJ;suj;masc;sg;calex;s51396;7;1
verai;verai;ADJ;suj;masc;sg;calex;s51397;3;1
verai;verai;ADJ;suj;masc;sg;calex;s51624;6;1
verai;verai;ADJ;suj;masc;sg;chastoi;s58940;5;1
verai;verai;ADJ;suj;masc;sg;jean;s196495;8;1
verai;verai;ADJ;suj;masc;sg;livre;s210799;2;1
verai;verai;ADJ;suj;masc;sg;marga;s222526;4;1
verai;verai;ADJ;suj;masc;sg;nicoa;s266668;2;1
verai;verai;ADJ;suj;masc;sg;romh;s369381;5;1
verai;verai;ADJ;suj;masc;sg;sergbO;s393666;8;1
verai;verai;VER;futu;1;sg;elie;s105957;7;1
verai;verai;VER;futu;3;sg;elie;s104069;6;1
verai;voir;ADJ;suj;masc;pl;amad;s11690;8;1
verai;voir;VER;futu;1;sg;cambrai;s54408;4;1
verai;voir;VER;futu;1;sg;elie;s104279;3;1
verai;voir;VER;futu;1;sg;rose;s379501;2;1
veraie;verai;ADJ;obj;femi;sg;abreja;s2699;2;1
veraie;verai;ADJ;obj;femi;sg;abreja;s2785;2;1
veraie;verai;ADJ;obj;femi;sg;aiol;s6134;3;1
veraie;verai;ADJ;obj;femi;sg;amad;s12218;1;1
veraie;verai;ADJ;obj;femi;sg;anth;s19081;1;1
veraie;verai;ADJ;obj;femi;sg;anth;s19408;5;1
veraie;verai;ADJ;obj;femi;sg;anth;s20516;1;1
veraie;verai;ADJ;obj;femi;sg;barlaam;s31582;9;1
veraie;verai;ADJ;obj;femi;sg;barlaam;s31623;7;1
veraie;verai;ADJ;obj;femi;sg;barlaam;s31638;9;1
veraie;verai;ADJ;obj;femi;sg;barlaam;s31676;9;1
veraie;verai;ADJ;obj;femi;sg;barlaam;s32252;6;1
veraie;verai;ADJ;obj;femi;sg;best;s44826;7;1
veraie;verai;ADJ;obj;femi;sg;best;s46500;3;1
veraie;verai;ADJ;obj;femi;sg;contre;s82911;2;1
veraie;verai;ADJ;obj;femi;sg;contre;s83011;2;1
veraie;verai;ADJ;obj;femi;sg;eustache;s112151;3;1
veraie;verai;ADJ;obj;femi;sg;evratC2;s118815;5;1
veraie;verai;ADJ;obj;femi;sg;gerv;s161947;2;1
veraie;verai;ADJ;obj;femi;sg;gerv;s162084;2;1
veraie;verai;ADJ;obj;femi;sg;gerv;s162598;2;1
veraie;verai;ADJ;obj;femi;sg;greg2;s166871;2;1
veraie;verai;ADJ;obj;femi;sg;greg2;s168842;5;1
veraie;verai;ADJ;obj;femi;sg;hista;s181489;3;1
veraie;verai;ADJ;obj;femi;sg;mous;s249003;3;1
veraie;verai;ADJ;obj;femi;sg;ndchar;s259580;6;1
veraie;verai;ADJ;obj;femi;sg;ndchar;s260811;5;1
veraie;verai;ADJ;obj;femi;sg;ndchar;s261574;4;1
veraie;verai;ADJ;obj;femi;sg;queste;s337795;2;1
veraie;verai;ADJ;obj;femi;sg;queste;s337981;5;1
veraie;verai;ADJ;obj;femi;sg;queste;s338120;6;1
veraie;verai;ADJ;obj;femi;sg;remi;s350578;4;1
veraie;verai;ADJ;obj;femi;sg;sully2;s397164;4;1
veraie;verai;ADJ;obj;femi;sg;sully2;s398643;8;1
veraie;verai;ADJ;obj;femi;sg;sully2;s398644;1;1
veraie;verai;ADJ;obj;femi;sg;sully2;s398724;9;1
veraie;verai;ADJ;obj;femi;sg;sully2;s398825;1;1
veraie;verai;ADJ;obj;femi;sg;sully2;s398849;2;1
veraie;verai;ADJ;obj;femi;sg;sully2;s398861;5;1
veraie;verai;ADJ;obj;femi;sg;sully2;s398880;8;1
veraie;verai;ADJ;obj;femi;sg;sully2;s399242;4;1
veraie;verai;ADJ;obj;femi;sg;sully2;s399372;9;1
veraie;verai;ADJ;obj;femi;sg;sully2;s399398;9;1
veraie;verai;ADJ;obj;femi;sg;sully2;s399462;5;1
veraie;verai;ADJ;obj;femi;sg;sully2;s399479;7;1
veraie;verai;ADJ;obj;femi;sg;sully2;s399959;5;1
veraie;verai;ADJ;obj;femi;sg;sully2;s400106;8;1
veraie;verai;ADJ;obj;femi;sg;trib;s405305;6;1
veraie;verai;ADJ;obj;femi;sg;turp;s409516;5;1
veraie;verai;ADJ;obj;femi;sg;turp;s409701;0;1
veraie;verai;ADJ;obj;femi;sg;vache;s412140;3;1
veraie;verai;ADJ;obj;femi;sg;yvv;s439070;3;1
veraie;verai;ADJ;suj;femi;sg;amad;s12051;9;1
veraie;verai;ADJ;suj;femi;sg;amad;s12285;7;1
veraie;verai;ADJ;suj;femi;sg;anth;s18661;2;1
veraie;verai;ADJ;suj;femi;sg;anth;s20187;1;1
veraie;verai;ADJ;suj;femi;sg;anth;s20708;1;1
veraie;verai;ADJ;suj;femi;sg;best;s44893;4;1
veraie;verai;ADJ;suj;femi;sg;calen;s50199;7;1
veraie;verai;ADJ;suj;femi;sg;calex;s51398;1;1
veraie;verai;ADJ;suj;femi;sg;carp;s56593;3;1
veraie;verai;ADJ;suj;femi;sg;edmond;s96294;3;1
veraie;verai;ADJ;suj;femi;sg;edmond;s97877;3;1
veraie;verai;ADJ;suj;femi;sg;eustache;s112155;3;1
veraie;verai;ADJ;suj;femi;sg;faba;s124708;4;1
veraie;verai;ADJ;suj;femi;sg;gerv;s161524;4;1
veraie;verai;ADJ;suj;femi;sg;jouf;s199453;6;1
veraie;verai;ADJ;suj;femi;sg;modw;s243027;2;1
veraie;verai;ADJ;suj;femi;sg;ndchar;s260369;4;1
veraie;verai;ADJ;suj;femi;sg;nicoa;s265827;2;1
veraie;verai;ADJ;suj;femi;sg;pseuturp;s337251;4;1
veraie;verai;ADJ;suj;femi;sg;queste;s337689;7;1
veraie;verai;ADJ;suj;femi;sg;reis;s346039;2;1
veraie;verai;ADJ;suj;femi;sg;teo2;s401784;3;1
veraiee;UNKNOWN;ADJ;suj;femi;sg;eustache;s112158;4;1
veraiemant;veraiement;ADV;NA;NA;NA;abreja;s2604;4;1
veraiemant;veraiement;ADV;NA;NA;NA;abreja;s2644;5;1
veraiemant;veraiement;ADV;NA;NA;NA;abreja;s2719;0;1
veraiemant;veraiement;ADV;NA;NA;NA;barlaam;s31563;2;1
veraiemant;veraiement;ADV;NA;NA;NA;barlaam;s31583;5;1
veraiemant;veraiement;ADV;NA;NA;NA;barlaam;s32423;5;1
veraiemant;veraiement;ADV;NA;NA;NA;contre;s83529;4;1
veraiemant;veraiement;ADV;NA;NA;NA;contro;s86030;5;1
veraiemant;veraiement;ADV;NA;NA;NA;malk;s221732;2;1
veraiemant;veraiement;ADV;NA;NA;NA;percevalb;s301530;3;1
veraiement;veraiement;ADV;NA;NA;NA;abreja;s2613;2;1
veraiement;veraiement;ADV;NA;NA;NA;ailed;s4549;5;1
veraiement;veraiement;ADV;NA;NA;NA;aiol;s6912;1;1
veraiement;veraiement;ADV;NA;NA;NA;aiol;s6953;1;1
veraiement;veraiement;ADV;NA;NA;NA;anth;s20782;2;1
veraiement;veraiement;ADV;NA;NA;NA;anti;s21305;5;1
veraiement;veraiement;ADV;NA;NA;NA;athi;s25165;1;1
veraiement;veraiement;ADV;NA;NA;NA;best;s45746;3;1
veraiement;veraiement;ADV;NA;NA;NA;best;s46193;3;1
veraiement;veraiement;ADV;NA;NA;NA;best;s47109;4;1
veraiement;veraiement;ADV;NA;NA;NA;best;s47202;4;1
veraiement;veraiement;ADV;NA;NA;NA;best;s47867;5;1
veraiement;veraiement;ADV;NA;NA;NA;bodo;s48802;6;1
veraiement;veraiement;ADV;NA;NA;NA;calex;s51753;5;1
veraiement;veraiement;ADV;NA;NA;NA;calex;s52296;5;1
veraiement;veraiement;ADV;NA;NA;NA;carp;s56735;5;1
veraiement;veraiement;ADV;NA;NA;NA;chro;s69861;5;1
veraiement;veraiement;ADV;NA;NA;NA;edmond;s97823;3;1
veraiement;veraiement;ADV;NA;NA;NA;evrat1;s114260;3;1
veraiement;veraiement;ADV;NA;NA;NA;evrat1;s117559;4;1
veraiement;veraiement;ADV;NA;NA;NA;greg2;s166518;4;1
veraiement;veraiement;ADV;NA;NA;NA;greg2;s167781;6;1
veraiement;veraiement;ADV;NA;NA;NA;herm;s175539;8;1
veraiement;veraiement;ADV;NA;NA;NA;herm;s176033;9;1
veraiement;veraiement;ADV;NA;NA;NA;jongl;s198249;4;1
veraiement;veraiement;ADV;NA;NA;NA;jongl;s198880;5;1
veraiement;veraiement;ADV;NA;NA;NA;lin;s207002;1;1
veraiement;veraiement;ADV;NA;NA;NA;lin;s207360;1;1
veraiement;veraiement;ADV;NA;NA;NA;lin;s208873;1;1
veraiement;veraiement;ADV;NA;NA;NA;mortartu;s247097;1;1
veraiement;veraiement;ADV;NA;NA;NA;mortartu;s247121;9;1
veraiement;veraiement;ADV;NA;NA;NA;mortartu;s247122;5;1
veraiement;veraiement;ADV;NA;NA;NA;mortartu;s247157;7;1
veraiement;veraiement;ADV;NA;NA;NA;mortartu;s247200;2;1
veraiement;veraiement;ADV;NA;NA;NA;mortartu;s247209;5;1
veraiement;veraiement;ADV;NA;NA;NA;mortartu;s247342;1;1
veraiement;veraiement;ADV;NA;NA;NA;mortartu;s247373;9;1
veraiement;veraiement;ADV;NA;NA;NA;mortartu;s247378;1;1
veraiement;veraiement;ADV;NA;NA;NA;mortartu;s247404;7;1
veraiement;veraiement;ADV;NA;NA;NA;mortartu;s247467;6;1
veraiement;veraiement;ADV;NA;NA;NA;mortartu;s247478;8;1
veraiement;veraiement;ADV;NA;NA;NA;mortartu;s247505;0;1
veraiement;veraiement;ADV;NA;NA;NA;mortartu;s247526;1;1
veraiement;veraiement;ADV;NA;NA;NA;mortartu;s247526;5;1
veraiement;veraiement;ADV;NA;NA;NA;mortartu;s247549;5;1
veraiement;veraiement;ADV;NA;NA;NA;mortartu;s247551;5;1
veraiement;veraiement;ADV;NA;NA;NA;mortartu;s247558;4;1
veraiement;veraiement;ADV;NA;NA;NA;mortartu;s247564;4;1
veraiement;veraiement;ADV;NA;NA;NA;mortartu;s247578;1;1
veraiement;veraiement;ADV;NA;NA;NA;mortartu;s247583;1;1
veraiement;veraiement;ADV;NA;NA;NA;mortartu;s247585;4;1
veraiement;veraiement;ADV;NA;NA;NA;mortartu;s247605;3;1
veraiement;veraiement;ADV;NA;NA;NA;queste;s337721;1;1
veraiement;veraiement;ADV;NA;NA;NA;queste;s337730;8;1
veraiement;veraiement;ADV;NA;NA;NA;queste;s337854;3;1
veraiement;veraiement;ADV;NA;NA;NA;queste;s337895;2;1
veraiement;veraiement;ADV;NA;NA;NA;queste;s338134;2;1
veraiement;veraiement;ADV;NA;NA;NA;remi;s349743;5;1
veraiement;veraiement;ADV;NA;NA;NA;rose;s380704;5;1
veraiement;veraiement;ADV;NA;NA;NA;sept;s391427;7;1
veraiement;veraiement;ADV;NA;NA;NA;sully2;s396572;1;1
veraiement;veraiement;ADV;NA;NA;NA;sully2;s396622;4;1
veraiement;veraiement;ADV;NA;NA;NA;sully2;s396733;6;1
veraiement;veraiement;ADV;NA;NA;NA;sully2;s397088;1;1
veraiement;veraiement;ADV;NA;NA;NA;sully2;s397092;5;1
veraiement;veraiement;ADV;NA;NA;NA;sully2;s398498;2;1
veraiement;veraiement;ADV;NA;NA;NA;sully2;s398856;3;1
veraiement;veraiement;ADV;NA;NA;NA;sully2;s398919;1;1
veraiement;veraiement;ADV;NA;NA;NA;sully2;s399141;7;1
veraiement;veraiement;ADV;NA;NA;NA;sully2;s399398;3;1
veraiement;veraiement;ADV;NA;NA;NA;sully2;s399400;4;1
veraiement;veraiement;ADV;NA;NA;NA;sully2;s399690;2;1
veraiement;veraiement;ADV;NA;NA;NA;sully2;s399716;3;1
veraiement;veraiement;ADV;NA;NA;NA;sully2;s400435;5;1
veraiement;veraiement;ADV;NA;NA;NA;sully2;s400827;2;1
veraiement;veraiement;ADV;NA;NA;NA;teo2;s401305;4;1
veraiement;veraiement;ADV;NA;NA;NA;teo2;s401333;4;1
veraiement;veraiement;ADV;NA;NA;NA;teo2;s401538;4;1
veraiement;veraiement;ADV;NA;NA;NA;teo2;s401586;5;1
veraiement;veraiement;ADV;NA;NA;NA;vilhar;s427711;5;1
veraies;verai;ADJ;obj;femi;pl;amad;s12218;6;1
veraies;verai;ADJ;obj;femi;pl;best;s46151;2;1
veraies;verai;ADJ;obj;femi;pl;chret2;s66655;3;1
veraies;verai;ADJ;obj;femi;pl;mortartu;s247539;4;1
veraies;verai;ADJ;obj;femi;pl;ndchar;s260697;4;1
veraies;verai;ADJ;obj;femi;pl;yvh;s436189;3;1
veraies;verai;ADJ;suj;femi;pl;barlaam;s31989;6;1
veraies;verai;ADJ;suj;femi;pl;barlaam;s32134;9;1
veraies;verai;ADJ;suj;femi;pl;barlaam;s32427;2;1
veraies;verai;ADJ;suj;femi;pl;evrat1;s113982;4;1
veraies;verai;ADJ;suj;femi;pl;queste;s337667;2;1
veraies;verai;ADJ;suj;femi;pl;reis;s343177;9;1
veraies;verai;VER;cond;2;sg;cordres;s89460;2;1
veraiment;veraiement;ADV;NA;NA;NA;greg2;s167060;4;1
veraiment;veraiement;ADV;NA;NA;NA;greg2;s168587;5;1
veraiment;veraiement;ADV;NA;NA;NA;greg2;s168798;4;1
veraiment;veraiement;ADV;NA;NA;NA;sergbH;s391774;1;1
veraiment;veraiement;ADV;NA;NA;NA;sergbH;s392289;1;1
veraiment;veraiement;ADV;NA;NA;NA;sergbO;s393697;1;1
verain;UNKNOWN;NPR;obj;masc;sg;loys;s213879;7;1
verais;verai;ADJ;suj;femi;pl;anth;s19124;7;1
verais;verai;ADJ;suj;femi;pl;jongl;s198841;4;1
verais;verai;ADJ;suj;masc;pl;edmund;s98067;7;1
verais;verai;ADJ;suj;masc;pl;greg2;s167064;2;1
verais;verai;ADJ;suj;masc;pl;ipo;s186952;6;1
verais;verai;ADJ;suj;masc;sg;abreja;s2661;0;1
verais;verai;ADJ;suj;masc;sg;amile;s12667;5;1
verais;verai;ADJ;suj;masc;sg;anth;s20755;5;1
verais;verai;ADJ;suj;masc;sg;athi;s27090;5;1
verais;verai;ADJ;suj;masc;sg;barlaam;s31589;4;1
verais;verai;ADJ;suj;masc;sg;barlaam;s31984;1;1
verais;verai;ADJ;suj;masc;sg;best;s44806;2;1
verais;verai;ADJ;suj;masc;sg;best;s46394;2;1
verais;verai;ADJ;suj;masc;sg;best;s46419;2;1
verais;verai;ADJ;suj;masc;sg;best;s47080;3;1
verais;verai;ADJ;suj;masc;sg;calex;s51418;3;1
verais;verai;ADJ;suj;masc;sg;calex;s51654;3;1
verais;verai;ADJ;suj;masc;sg;carp;s55941;5;1
verais;verai;ADJ;suj;masc;sg;gerv;s162005;7;1
verais;verai;ADJ;suj;masc;sg;greg2;s166984;3;1
verais;verai;ADJ;suj;masc;sg;greg2;s167814;4;1
verais;verai;ADJ;suj;masc;sg;guigP;s170649;6;1
verais;verai;ADJ;suj;masc;sg;hista;s178565;5;1
verais;verai;ADJ;suj;masc;sg;jongl;s198011;4;1
verais;verai;ADJ;suj;masc;sg;merm;s231923;3;1
verais;verai;ADJ;suj;masc;sg;merm;s231986;3;1
verais;verai;ADJ;suj;masc;sg;merm;s232096;8;1
verais;verai;ADJ;suj;masc;sg;meun;s234889;7;1
verais;verai;ADJ;suj;masc;sg;myst;s252401;3;1
verais;verai;ADJ;suj;masc;sg;nimd;s278769;7;1
verais;verai;ADJ;suj;masc;sg;reis;s343177;7;1
verais;verai;ADJ;suj;masc;sg;sergbO;s393803;0;1
verais;verai;ADJ;suj;masc;sg;sergbO;s393855;8;1
verais;verai;ADJ;suj;masc;sg;sully2;s396958;1;1
verais;verai;ADJ;suj;masc;sg;sully2;s396958;4;1
verais;verai;ADJ;suj;masc;sg;sully2;s397681;1;1
verais;verai;ADJ;suj;masc;sg;sully2;s397886;1;1
verais;verai;ADJ;suj;masc;sg;sully2;s399358;0;1
verais;verai;ADJ;suj;masc;sg;sully2;s399358;7;1
verais;verai;ADJ;suj;masc;sg;sully2;s399363;3;1
verais;verai;ADJ;suj;masc;sg;sully2;s399364;2;1
verais;verai;ADJ;suj;masc;sg;sully2;s399643;4;1
verais;verai;ADJ;suj;masc;sg;sully2;s400064;3;1
verais;verai;ADJ;suj;masc;sg;trib;s404905;3;1
verais;verai;ADJ;suj;masc;sg;trib;s404985;5;1
verais;verai;ADJ;suj;masc;sg;turp;s409514;6;1
veraix;UNKNOWN;ADJ;suj;masc;sg;barlaam;s31591;3;1
veraiz;verai;ADJ;suj;masc;sg;contre;s82884;3;1
vertevelle;vertevele;NOM;suj;femi;sg;ndchar;s257358;5;1
